Game,Offense Player,OFF Team,Defense Player,DEF Team,MIN,Partial Poss,DEF Time Percent,OFF Time Percent,Both On Percent,Players PTS,Team PTS,AST,TOV,BLK,FGM,FGA,FG%,3PM,3PA,3P%,FTM,FTA,SFL
1,Jalen Williams,OKC,Harrison Barnes,SAS,00:17,1.5,14.1,2.1,14.1,0,3,0,0,0,0,0,0,0,0,0,0,0,0
1,Jalen Williams,OKC,Carter Bryant,SAS,00:46,3.5,14.4,5.7,55.7,2,4,0,0,0,1,2,50,0,0,0,0,0,0
1,Jalen Williams,OKC,Stephon Castle,SAS,01:30,7.6,8.6,11.2,12.5,4,6,0,0,0,2,4,50,0,1,0,0,0,0
1,Jalen Williams,OKC,Julian Champagnie,SAS,01:15,9.1,7.8,9.2,12,4,18,1,0,1,2,3,66.7,0,0,0,0,0,0
1,Jalen Williams,OKC,Dylan Harper,SAS,04:23,23,25.5,32.5,35.3,7,21,2,2,0,3,5,60,1,1,100,0,0,0
1,Jalen Williams,OKC,Keldon Johnson,SAS,00:24,1.9,4.9,3,17.9,2,2,0,0,0,0,1,0,0,1,0,2,2,1
1,Jalen Williams,OKC,Luke Kornet,SAS,00:17,3.3,8.7,2.1,12.4,2,6,0,0,0,1,2,50,0,0,0,0,0,0
1,Jalen Williams,OKC,Devin Vassell,SAS,02:26,16.3,13.3,18.1,18.1,4,16,0,0,1,2,6,33.3,0,0,0,0,0,0
1,Jalen Williams,OKC,Victor Wembanyama,SAS,01:39,6.1,9.2,12.2,14.8,0,10,0,0,1,0,3,0,0,0,0,0,0,0
1,Chet Holmgren,OKC,Harrison Barnes,SAS,00:17,1.8,13.8,1.9,58.5,0,0,0,0,0,0,0,0,0,0,0,0,0,0
1,Chet Holmgren,OKC,Carter Bryant,SAS,00:05,0.6,1.4,0.5,3.3,0,0,0,0,0,0,0,0,0,0,0,0,0,0
1,Chet Holmgren,OKC,Stephon Castle,SAS,01:59,11.2,11.3,13.5,14.2,0,11,0,1,0,0,2,0,0,1,0,0,0,0
1,Chet Holmgren,OKC,Julian Champagnie,SAS,02:20,12,14.6,15.8,18.5,0,11,0,0,1,0,1,0,0,1,0,0,0,0
1,Chet Holmgren,OKC,Dylan Harper,SAS,01:35,7.5,9.2,10.8,13.8,0,6,0,0,0,0,0,0,0,0,0,0,0,0
1,Chet Holmgren,OKC,Keldon Johnson,SAS,02:02,10.1,24.4,13.8,58.1,0,12,0,0,0,0,0,0,0,0,0,0,0,0
1,Chet Holmgren,OKC,Luke Kornet,SAS,00:03,0.3,1.4,0.3,5.2,0,0,0,0,0,0,0,0,0,0,0,0,0,0
1,Chet Holmgren,OKC,Devin Vassell,SAS,04:36,24,25,31.2,31.8,3,27,0,0,1,1,3,33.3,1,1,100,0,0,0
1,Chet Holmgren,OKC,Victor Wembanyama,SAS,02:41,15.9,15,18.2,19.4,3,20,0,0,0,1,2,50,1,1,100,0,0,0
1,Isaiah Hartenstein,OKC,Harrison Barnes,SAS,00:05,0.5,4.3,2,6.6,0,2,0,0,0,0,0,0,0,0,0,0,0,0
1,Isaiah Hartenstein,OKC,Carter Bryant,SAS,00:04,0.4,1.2,1.5,4.1,0,0,0,0,0,0,0,0,0,0,0,0,0,0
1,Isaiah Hartenstein,OKC,Stephon Castle,SAS,00:34,5.3,3.2,13.1,16.7,0,6,0,1,0,0,0,0,0,0,0,0,0,0
1,Isaiah Hartenstein,OKC,Julian Champagnie,SAS,00:05,0.5,0.5,1.8,3,0,0,0,0,0,0,0,0,0,0,0,0,0,0
1,Isaiah Hartenstein,OKC,Dylan Harper,SAS,00:11,1.9,1,4.1,5.5,0,4,0,0,0,0,0,0,0,0,0,0,0,0
1,Isaiah Hartenstein,OKC,Keldon Johnson,SAS,00:06,0.5,1.2,2.3,5.3,0,0,0,0,0,0,0,0,0,0,0,0,0,0
1,Isaiah Hartenstein,OKC,Luke Kornet,SAS,02:34,12.9,77.3,59.6,77.3,0,13,2,0,0,0,0,0,0,0,0,0,0,0
1,Isaiah Hartenstein,OKC,Devin Vassell,SAS,00:08,1,0.7,3.1,4.1,0,2,0,0,0,0,0,0,0,0,0,0,0,0
1,Isaiah Hartenstein,OKC,Victor Wembanyama,SAS,00:41,3.6,3.8,15.9,69.7,0,0,0,0,0,0,1,0,0,0,0,0,0,0
1,Luguentz Dort,OKC,Stephon Castle,SAS,01:13,4.2,7,13.6,14.6,0,0,0,0,0,0,1,0,0,1,0,0,0,0
1,Luguentz Dort,OKC,Julian Champagnie,SAS,03:21,17.7,21,37.1,44.8,0,12,0,0,0,0,0,0,0,0,0,0,0,0
1,Luguentz Dort,OKC,Dylan Harper,SAS,00:25,2.9,2.4,4.6,6.1,3,9,0,0,0,1,2,50,1,2,50,0,0,0
1,Luguentz Dort,OKC,Keldon Johnson,SAS,01:17,5.7,15.4,14.2,38.3,2,6,0,0,0,1,3,33.3,0,2,0,0,0,0
1,Luguentz Dort,OKC,Luke Kornet,SAS,00:01,0.1,0.7,0.3,2.1,0,0,0,0,0,0,0,0,0,0,0,0,0,0
1,Luguentz Dort,OKC,Devin Vassell,SAS,00:27,2,2.4,4.9,5.3,0,8,1,0,0,0,0,0,0,0,0,0,0,0
1,Luguentz Dort,OKC,Victor Wembanyama,SAS,02:07,9.4,11.9,23.5,27,0,10,0,0,0,0,0,0,0,0,0,0,0,0
1,Shai Gilgeous-Alexander,OKC,Carter Bryant,SAS,03:15,14.9,60.6,17.3,71.5,2,12,2,1,0,0,1,0,0,0,0,2,2,1
1,Shai Gilgeous-Alexander,OKC,Stephon Castle,SAS,06:51,38.8,39,36.3,42.8,7,32,3,1,0,2,7,28.6,1,1,100,2,2,1
1,Shai Gilgeous-Alexander,OKC,Julian Champagnie,SAS,02:14,10.6,14,11.8,14.6,4,9,0,1,0,1,4,25,0,2,0,2,2,1
1,Shai Gilgeous-Alexander,OKC,Dylan Harper,SAS,02:17,10.7,13.3,12.1,14.8,3,17,1,0,0,1,4,25,1,3,33.3,0,0,0
1,Shai Gilgeous-Alexander,OKC,Keldon Johnson,SAS,00:53,3.7,10.7,4.7,11.9,0,6,2,0,0,0,0,0,0,0,0,0,0,0
1,Shai Gilgeous-Alexander,OKC,Luke Kornet,SAS,00:06,0.4,3,0.5,9.9,0,0,0,0,0,0,0,0,0,0,0,0,0,0
1,Shai Gilgeous-Alexander,OKC,Devin Vassell,SAS,03:08,16,17,16.6,19.5,4,19,3,1,0,2,6,33.3,0,1,0,0,0,0
1,Shai Gilgeous-Alexander,OKC,Victor Wembanyama,SAS,01:58,12.5,11,10.4,11,4,31,3,0,0,2,4,50,0,0,0,0,1,1
1,Alex Caruso,OKC,Carter Bryant,SAS,00:05,0.4,1.5,0.8,2.1,0,0,0,0,0,0,0,0,0,0,0,0,0,0
1,Alex Caruso,OKC,Stephon Castle,SAS,01:11,7.9,6.8,10.9,13.6,2,13,1,0,0,1,2,50,0,1,0,0,0,0
1,Alex Caruso,OKC,Julian Champagnie,SAS,02:22,12.6,14.9,21.8,27.1,4,10,0,1,0,1,2,50,1,2,50,1,3,1
1,Alex Caruso,OKC,Dylan Harper,SAS,01:00,7.1,5.8,9.1,12.4,0,5,0,0,0,0,0,0,0,0,0,0,0,0
1,Alex Caruso,OKC,Keldon Johnson,SAS,00:32,3.1,6.5,4.9,9.9,2,5,0,0,0,1,1,100,0,0,0,0,0,0
1,Alex Caruso,OKC,Luke Kornet,SAS,00:02,0.1,0.9,0.3,3.9,0,0,0,0,0,0,0,0,0,0,0,0,0,0
1,Alex Caruso,OKC,Devin Vassell,SAS,00:45,5.5,4.1,6.9,8.6,0,2,0,0,0,0,1,0,0,1,0,0,0,0
1,Alex Caruso,OKC,Victor Wembanyama,SAS,04:25,23.4,24.8,40.6,43.6,16,21,0,1,0,6,10,60,4,6,66.7,0,0,0
1,Ajay Mitchell,OKC,Harrison Barnes,SAS,00:19,3.3,16,2.8,24.7,0,6,0,0,0,0,0,0,0,0,0,0,0,0
1,Ajay Mitchell,OKC,Carter Bryant,SAS,00:18,1.8,5.5,2.6,13.9,0,3,1,0,0,0,0,0,0,0,0,0,0,0
1,Ajay Mitchell,OKC,Stephon Castle,SAS,01:16,5.9,7.2,11.1,12.8,0,5,0,0,0,0,0,0,0,0,0,0,0,0
1,Ajay Mitchell,OKC,Julian Champagnie,SAS,01:07,6.7,7,9.8,13.2,0,7,0,0,0,0,1,0,0,0,0,0,0,0
1,Ajay Mitchell,OKC,Dylan Harper,SAS,04:19,22.7,25.1,37.8,46.8,0,26,2,0,0,0,0,0,0,0,0,0,0,0
1,Ajay Mitchell,OKC,Keldon Johnson,SAS,00:25,2.3,5,3.7,10,2,4,0,0,0,1,1,100,0,0,0,0,0,0
1,Ajay Mitchell,OKC,Luke Kornet,SAS,00:05,0.6,2.4,0.7,2.7,2,2,0,0,0,1,1,100,0,0,0,0,0,0
1,Ajay Mitchell,OKC,Devin Vassell,SAS,01:42,10.1,9.3,15,16.4,0,11,0,0,0,0,1,0,0,0,0,0,0,0
1,Ajay Mitchell,OKC,Victor Wembanyama,SAS,01:16,8,7.1,11.1,15,0,3,2,0,0,0,0,0,0,0,0,0,0,0
1,Jared McCain,OKC,Harrison Barnes,SAS,00:15,2.1,12.2,3.5,12.2,0,4,0,0,0,0,0,0,0,0,0,0,0,0
1,Jared McCain,OKC,Stephon Castle,SAS,01:03,3.7,6,15.1,19.8,0,4,0,0,0,0,1,0,0,1,0,0,0,0
1,Jared McCain,OKC,Julian Champagnie,SAS,01:21,7,8.5,19.4,45.6,3,7,1,1,0,1,1,100,1,1,100,0,0,0
1,Jared McCain,OKC,Dylan Harper,SAS,00:33,2.8,3.2,8,11.3,0,2,0,1,0,0,0,0,0,0,0,0,0,0
1,Jared McCain,OKC,Keldon Johnson,SAS,00:14,2.1,2.9,3.4,5.3,0,2,0,0,0,0,0,0,0,0,0,0,0,0
1,Jared McCain,OKC,Luke Kornet,SAS,00:07,1.3,3.5,1.7,3.5,2,2,0,0,0,1,1,100,0,0,0,0,0,0
1,Jared McCain,OKC,Devin Vassell,SAS,02:53,15.6,15.6,41.3,51.3,2,17,0,0,0,1,3,33.3,0,1,0,0,0,0
1,Jared McCain,OKC,Victor Wembanyama,SAS,00:05,0.3,0.5,1.3,2.4,0,0,0,0,0,0,0,0,0,0,0,0,0,0
1,Cason Wallace,OKC,Harrison Barnes,SAS,00:30,3.5,24.9,4.7,32.5,0,6,0,0,0,0,0,0,0,0,0,0,0,0
1,Cason Wallace,OKC,Carter Bryant,SAS,00:34,2.4,10.5,5.3,14.8,0,2,0,0,0,0,2,0,0,2,0,0,0,0
1,Cason Wallace,OKC,Stephon Castle,SAS,01:39,9.4,9.4,15.6,21,0,15,0,0,0,0,0,0,0,0,0,0,0,0
1,Cason Wallace,OKC,Julian Champagnie,SAS,00:55,4.2,5.8,8.7,13.3,0,3,0,0,0,0,0,0,0,0,0,0,0,0
1,Cason Wallace,OKC,Dylan Harper,SAS,01:29,7.1,8.6,14,16.9,0,3,0,0,0,0,0,0,0,0,0,0,0,0
1,Cason Wallace,OKC,Keldon Johnson,SAS,00:18,2.1,3.7,2.9,7.1,0,3,0,0,0,0,0,0,0,0,0,0,0,0
1,Cason Wallace,OKC,Luke Kornet,SAS,00:04,0.4,2.1,0.6,8.3,0,0,0,0,0,0,0,0,0,0,0,0,0,0
1,Cason Wallace,OKC,Devin Vassell,SAS,02:14,10.2,12.2,21.2,24.6,6,10,0,1,0,2,2,100,2,2,100,0,0,0
1,Cason Wallace,OKC,Victor Wembanyama,SAS,02:15,10.6,12.6,21.3,23.1,2,2,0,0,0,1,2,50,0,1,0,0,0,0
1,Jaylin Williams,OKC,Harrison Barnes,SAS,00:18,1.2,14.7,7.4,41.8,0,0,0,0,0,0,0,0,0,0,0,0,0,0
1,Jaylin Williams,OKC,Stephon Castle,SAS,00:15,1,1.4,6.2,13.5,0,2,0,0,0,0,0,0,0,0,0,0,0,0
1,Jaylin Williams,OKC,Julian Champagnie,SAS,00:25,2.8,2.6,10.2,16,0,3,0,1,0,0,0,0,0,0,0,0,0,0
1,Jaylin Williams,OKC,Dylan Harper,SAS,00:48,3.5,4.6,19.8,19.8,0,5,0,0,0,0,0,0,0,0,0,0,0,0
1,Jaylin Williams,OKC,Keldon Johnson,SAS,01:45,7.3,21,43.7,53.8,0,3,0,0,0,0,0,0,0,0,0,0,0,0
1,Jaylin Williams,OKC,Devin Vassell,SAS,00:02,0.1,0.2,0.9,1.6,0,0,0,0,0,0,0,0,0,0,0,0,0,0
1,Jaylin Williams,OKC,Victor Wembanyama,SAS,00:26,2.6,2.4,10.9,10.9,0,0,0,0,0,0,0,0,0,0,0,0,0,0
1,Aaron Wiggins,OKC,Carter Bryant,SAS,00:16,1.6,5,18.4,18.4,0,0,0,0,0,0,2,0,0,2,0,0,0,0
1,Aaron Wiggins,OKC,Julian Champagnie,SAS,00:33,2.2,3.4,37.6,37.6,0,0,0,0,0,0,1,0,0,1,0,0,0,0
1,Aaron Wiggins,OKC,Dylan Harper,SAS,00:12,1.1,1.2,14.1,14.1,0,2,0,0,0,0,0,0,0,0,0,0,0,0
1,Aaron Wiggins,OKC,Keldon Johnson,SAS,00:22,1.9,4.4,25,25,0,0,0,0,0,0,0,0,0,0,0,0,0,0
1,Aaron Wiggins,OKC,Victor Wembanyama,SAS,00:03,0.2,0.3,3.9,3.9,0,0,0,0,0,0,0,0,0,0,0,0,0,0
1,Isaiah Joe,OKC,Devin Vassell,SAS,00:01,0.1,0.1,9,9,0,0,0,0,0,0,0,0,0,0,0,0,0,0
1,Isaiah Joe,OKC,Victor Wembanyama,SAS,00:15,0.9,1.4,91,91,0,0,0,0,0,0,0,0,0,0,0,0,0,0
1,Devin Vassell,SAS,Alex Caruso,OKC,00:43,3.1,5.1,3.3,6.1,3,5,0,0,0,1,3,33.3,1,2,50,0,0,0
1,Devin Vassell,SAS,Luguentz Dort,OKC,00:35,3.3,6.7,2.7,6.9,0,2,0,0,0,0,0,0,0,0,0,0,0,0
1,Devin Vassell,SAS,Shai Gilgeous-Alexander,OKC,09:40,43.3,43.6,44.7,51.5,0,42,1,1,0,0,3,0,0,3,0,0,0,0
1,Devin Vassell,SAS,Isaiah Hartenstein,OKC,00:05,0.6,1.6,0.4,2.2,0,0,0,0,0,0,0,0,0,0,0,0,0,0
1,Devin Vassell,SAS,Chet Holmgren,OKC,01:17,6.6,7.3,5.9,7.6,3,5,0,0,0,1,1,100,1,1,100,0,0,0
1,Devin Vassell,SAS,Jared McCain,OKC,01:27,5.3,18.4,6.7,23.2,2,9,0,0,0,1,1,100,0,0,0,0,0,0
1,Devin Vassell,SAS,Ajay Mitchell,OKC,03:04,16.1,20.4,14.2,22.8,5,18,0,2,0,2,2,100,1,1,100,0,0,0
1,Devin Vassell,SAS,Cason Wallace,OKC,01:28,5.7,12.3,6.8,14.5,0,13,1,0,0,0,1,0,0,1,0,0,0,0
1,Devin Vassell,SAS,Jalen Williams,OKC,02:08,12.3,13.3,9.9,13.3,0,4,0,0,0,0,2,0,0,2,0,0,0,0
1,Devin Vassell,SAS,Jaylin Williams,OKC,00:29,1.4,10.2,2.2,18.1,0,0,0,0,0,0,0,0,0,0,0,0,0,0
1,Julian Champagnie,SAS,Alex Caruso,OKC,00:35,4,4.2,3.1,5.1,0,3,0,0,0,0,0,0,0,0,0,0,0,0
1,Julian Champagnie,SAS,Luguentz Dort,OKC,00:42,4.9,8.1,3.6,9.6,2,6,0,0,0,1,3,33.3,0,2,0,0,0,0
1,Julian Champagnie,SAS,Shai Gilgeous-Alexander,OKC,03:19,12.7,14.9,17.1,18,0,17,1,0,0,0,0,0,0,0,0,0,0,0
1,Julian Champagnie,SAS,Isaiah Hartenstein,OKC,00:24,2.2,7.3,2,11.3,0,2,0,0,0,0,1,0,0,1,0,0,0,0
1,Julian Champagnie,SAS,Chet Holmgren,OKC,06:52,28,39.1,35.5,45.4,6,30,0,0,0,2,5,40,2,5,40,0,0,0
1,Julian Champagnie,SAS,Jared McCain,OKC,01:53,8,24,9.8,52.3,0,4,0,0,0,0,0,0,0,0,0,0,0,0
1,Julian Champagnie,SAS,Ajay Mitchell,OKC,01:42,9.9,11.3,8.8,14.6,0,9,0,0,0,0,1,0,0,1,0,0,0,0
1,Julian Champagnie,SAS,Cason Wallace,OKC,01:04,4.6,9,5.5,14.1,2,4,0,1,0,1,1,100,0,0,0,0,0,0
1,Julian Champagnie,SAS,Aaron Wiggins,OKC,00:19,1.5,17.8,1.7,17.8,0,3,0,0,0,0,1,0,0,1,0,0,0,0
1,Julian Champagnie,SAS,Jalen Williams,OKC,01:22,6.8,8.5,7.1,10.7,3,8,0,0,0,1,1,100,1,1,100,0,0,0
1,Julian Champagnie,SAS,Jaylin Williams,OKC,00:26,0.9,9,2.2,12.4,0,0,0,0,0,0,0,0,0,0,0,0,0,0
1,Victor Wembanyama,SAS,Alex Caruso,OKC,08:18,36.1,59.1,39.7,62.1,9,23,1,2,0,4,5,80,1,2,50,0,0,0
1,Victor Wembanyama,SAS,Luguentz Dort,OKC,03:03,12.4,35.6,14.6,38.3,6,16,1,0,0,1,2,50,0,0,0,4,4,1
1,Victor Wembanyama,SAS,Shai Gilgeous-Alexander,OKC,01:06,6.1,5,5.3,5.3,6,9,0,0,0,3,4,75,0,0,0,0,0,0
1,Victor Wembanyama,SAS,Isaiah Hartenstein,OKC,00:22,3.4,6.7,1.7,29.4,0,3,0,0,0,0,0,0,0,0,0,0,0,0
1,Victor Wembanyama,SAS,Chet Holmgren,OKC,02:47,13.2,15.9,13.4,17.4,12,25,0,0,1,6,12,50,0,0,0,0,0,0
1,Victor Wembanyama,SAS,Jared McCain,OKC,00:07,0.4,1.4,0.5,3.1,2,2,0,0,0,0,0,0,0,0,0,2,2,1
1,Victor Wembanyama,SAS,Ajay Mitchell,OKC,00:54,3.9,5.9,4.3,8.2,4,7,0,1,0,1,2,50,0,0,0,2,2,0
1,Victor Wembanyama,SAS,Cason Wallace,OKC,00:59,7.5,8.2,4.7,9.2,4,10,0,0,0,2,3,66.7,0,0,0,0,0,0
1,Victor Wembanyama,SAS,Aaron Wiggins,OKC,00:03,0.2,3.1,0.3,3.1,0,0,0,0,0,0,0,0,0,0,0,0,0,0
1,Victor Wembanyama,SAS,Jalen Williams,OKC,04:07,16.6,25.5,19.7,31,10,25,1,1,0,5,5,100,0,0,0,0,0,0
1,Victor Wembanyama,SAS,Jaylin Williams,OKC,01:10,4,24.5,5.6,24.5,0,11,1,0,0,0,1,0,0,0,0,0,0,0
1,Dylan Harper,SAS,Alex Caruso,OKC,01:01,4.4,7.2,4.9,9.7,0,5,1,1,0,0,4,0,0,2,0,0,0,0
1,Dylan Harper,SAS,Luguentz Dort,OKC,02:47,12.8,32.4,13.4,39.3,2,18,1,0,0,1,2,50,0,1,0,0,0,0
1,Dylan Harper,SAS,Shai Gilgeous-Alexander,OKC,02:28,11.1,11.1,11.8,13.5,2,11,0,0,1,1,2,50,0,0,0,0,0,0
1,Dylan Harper,SAS,Isaiah Hartenstein,OKC,00:31,3.3,9.5,2.5,11.8,4,4,0,0,1,2,4,50,0,1,0,0,0,0
1,Dylan Harper,SAS,Chet Holmgren,OKC,01:15,8.3,7.2,6.1,9,2,6,0,0,0,1,2,50,0,1,0,0,0,0
1,Dylan Harper,SAS,Jared McCain,OKC,00:49,2.8,10.3,3.9,13.8,4,4,0,0,0,2,3,66.7,0,0,0,0,0,0
1,Dylan Harper,SAS,Ajay Mitchell,OKC,05:33,19.8,36.8,26.7,46.1,4,18,0,0,0,2,2,100,0,0,0,0,0,0
1,Dylan Harper,SAS,Cason Wallace,OKC,01:57,6.7,16.3,9.4,19.7,3,9,1,0,0,1,3,33.3,1,1,100,0,0,0
1,Dylan Harper,SAS,Aaron Wiggins,OKC,00:27,1.8,24.8,2.2,24.8,0,3,1,0,0,0,0,0,0,0,0,0,0,0
1,Dylan Harper,SAS,Jalen Williams,OKC,03:59,17.3,24.7,19.2,26,6,24,2,0,1,2,4,50,0,1,0,2,2,1
1,Dylan Harper,SAS,Jaylin Williams,OKC,00:17,1.1,5.9,1.4,5.9,0,2,0,0,0,0,0,0,0,0,0,0,0,0
1,Stephon Castle,SAS,Alex Caruso,OKC,02:30,10.5,17.9,11.8,21.3,4,25,5,2,0,1,2,50,0,1,0,2,2,1
1,Stephon Castle,SAS,Luguentz Dort,OKC,01:04,6.2,12.4,5,13.2,0,3,0,0,0,0,0,0,0,0,0,0,0,0
1,Stephon Castle,SAS,Shai Gilgeous-Alexander,OKC,03:47,15.7,17.1,17.8,19.6,4,20,4,2,0,1,4,25,0,2,0,2,2,1
1,Stephon Castle,SAS,Isaiah Hartenstein,OKC,00:25,1.9,7.9,2,9.8,0,2,0,0,0,0,0,0,0,0,0,0,0,0
1,Stephon Castle,SAS,Chet Holmgren,OKC,02:03,10.6,11.6,9.6,12.1,2,9,3,4,0,1,3,33.3,0,1,0,0,0,0
1,Stephon Castle,SAS,Jared McCain,OKC,00:18,1.1,3.8,1.4,4.7,0,2,1,1,0,0,0,0,0,0,0,0,0,0
1,Stephon Castle,SAS,Ajay Mitchell,OKC,02:10,8.9,14.4,10.2,15.8,4,6,0,1,0,1,3,33.3,0,0,0,2,3,2
1,Stephon Castle,SAS,Cason Wallace,OKC,05:10,25.4,43.4,24.3,55.9,4,18,0,2,0,2,4,50,0,1,0,0,0,0
1,Stephon Castle,SAS,Jalen Williams,OKC,03:05,13.3,19.1,14.5,21.2,3,14,1,1,0,1,2,50,1,1,100,0,0,0
1,Stephon Castle,SAS,Jaylin Williams,OKC,00:18,1.3,6.4,1.4,12.9,0,0,0,0,0,0,0,0,0,0,0,0,0,0
1,Keldon Johnson,SAS,Alex Caruso,OKC,00:28,3.3,3.3,5.2,7.7,0,5,0,0,1,0,1,0,0,0,0,0,0,0
1,Keldon Johnson,SAS,Luguentz Dort,OKC,00:23,2.3,4.4,4.2,13.5,0,2,0,0,0,0,0,0,0,0,0,0,0,0
1,Keldon Johnson,SAS,Shai Gilgeous-Alexander,OKC,00:33,1.8,2.5,6.2,6.6,0,2,0,1,0,0,0,0,0,0,0,0,0,0
1,Keldon Johnson,SAS,Isaiah Hartenstein,OKC,00:03,0.2,0.9,0.5,2.4,0,0,0,1,0,0,0,0,0,0,0,0,0,0
1,Keldon Johnson,SAS,Chet Holmgren,OKC,01:28,7.1,8.4,16.4,34.7,0,2,0,0,0,0,3,0,0,2,0,0,0,0
1,Keldon Johnson,SAS,Jared McCain,OKC,01:14,5.8,15.7,13.8,27.1,2,4,0,0,0,1,2,50,0,0,0,0,0,0
1,Keldon Johnson,SAS,Ajay Mitchell,OKC,01:17,6,8.6,14.4,26.7,6,6,0,0,0,2,2,100,2,2,100,0,0,0
1,Keldon Johnson,SAS,Cason Wallace,OKC,00:39,2.3,5.4,7.3,13.4,0,4,0,0,0,0,0,0,0,0,0,0,0,0
1,Keldon Johnson,SAS,Aaron Wiggins,OKC,00:27,1.1,24.9,5,24.9,0,0,0,0,0,0,0,0,0,0,0,0,0,0
1,Keldon Johnson,SAS,Jalen Williams,OKC,00:38,3.5,4,7.1,33,0,2,0,0,0,0,0,0,0,0,0,0,0,0
1,Keldon Johnson,SAS,Jaylin Williams,OKC,01:31,5.5,31.7,16.9,44.1,3,5,0,0,0,1,2,50,1,2,50,0,0,0
1,Luke Kornet,SAS,Isaiah Hartenstein,OKC,03:34,16.8,66.1,84.2,84.2,0,14,1,1,1,0,1,0,0,0,0,0,0,0
1,Luke Kornet,SAS,Chet Holmgren,OKC,00:07,0.4,0.7,2.7,7.4,0,2,0,0,0,0,0,0,0,0,0,0,0,0
1,Luke Kornet,SAS,Jared McCain,OKC,00:14,0.8,3,5.6,5.7,0,0,0,0,0,0,0,0,0,0,0,0,0,0
1,Luke Kornet,SAS,Ajay Mitchell,OKC,00:12,1.2,1.4,4.8,4.8,0,0,0,0,0,0,0,0,0,0,0,0,0,0
1,Luke Kornet,SAS,Cason Wallace,OKC,00:03,0.3,0.4,1.2,3.9,0,0,0,0,0,0,0,0,0,0,0,0,0,0
1,Luke Kornet,SAS,Jalen Williams,OKC,00:14,1.6,1.5,5.6,8.2,0,0,0,0,0,0,0,0,0,0,0,0,0,0
1,Harrison Barnes,SAS,Chet Holmgren,OKC,00:36,3,3.4,23.1,84.3,0,2,0,0,0,0,1,0,0,0,0,0,0,0
1,Harrison Barnes,SAS,Jared McCain,OKC,01:21,5.7,17.1,51.3,51.3,0,6,0,0,0,0,0,0,0,0,0,0,0,0
1,Harrison Barnes,SAS,Ajay Mitchell,OKC,00:07,0.8,0.8,4.4,5.7,0,0,0,0,0,0,1,0,0,0,0,0,0,0
1,Harrison Barnes,SAS,Cason Wallace,OKC,00:05,0.3,0.7,3,4.1,0,0,0,0,0,0,0,0,0,0,0,0,0,0
1,Harrison Barnes,SAS,Jalen Williams,OKC,00:24,1.9,2.5,15.4,15.4,0,4,0,0,0,0,0,0,0,0,0,0,0,0
1,Harrison Barnes,SAS,Jaylin Williams,OKC,00:04,0.3,1.5,2.7,11.6,0,0,0,0,0,0,0,0,0,0,0,0,0,0
1,Carter Bryant,SAS,Alex Caruso,OKC,00:27,2.5,3.2,8.2,9.8,0,0,0,0,0,0,0,0,0,0,0,0,0,0
1,Carter Bryant,SAS,Luguentz Dort,OKC,00:02,0.2,0.4,0.7,4.1,0,3,0,0,0,0,0,0,0,0,0,0,0,0
1,Carter Bryant,SAS,Shai Gilgeous-Alexander,OKC,01:17,7,5.8,23.3,26.3,0,10,1,0,0,0,0,0,0,0,0,0,0,0
1,Carter Bryant,SAS,Chet Holmgren,OKC,01:09,5.6,6.5,20.7,48.8,0,5,0,0,0,0,0,0,0,0,0,0,0,0
1,Carter Bryant,SAS,Jared McCain,OKC,00:29,2.9,6.2,8.9,21.2,0,4,0,0,0,0,0,0,0,0,0,0,0,0
1,Carter Bryant,SAS,Ajay Mitchell,OKC,00:04,0.2,0.4,1.1,2.5,0,0,0,0,0,0,0,0,0,0,0,0,0,0
1,Carter Bryant,SAS,Cason Wallace,OKC,00:31,1.7,4.3,9.3,12.4,3,3,0,0,0,1,1,100,1,1,100,0,0,0
1,Carter Bryant,SAS,Aaron Wiggins,OKC,00:32,1.5,29.4,9.6,29.4,3,3,0,0,0,1,2,50,1,2,50,0,0,0
1,Carter Bryant,SAS,Jalen Williams,OKC,00:09,0.6,0.9,2.8,15.6,0,0,0,0,0,0,0,0,0,0,0,0,0,0
1,Carter Bryant,SAS,Jaylin Williams,OKC,00:32,1.4,11,9.5,29.1,0,0,0,0,0,0,0,0,0,0,0,0,0,0
2,Jalen Williams,OKC,Carter Bryant,SAS,00:15,1.6,6.1,8.4,43.4,0,2,0,0,0,0,1,0,0,0,0,0,0,0
2,Jalen Williams,OKC,Julian Champagnie,SAS,00:15,2.1,1.7,8.6,10,2,6,0,0,0,1,1,100,0,0,0,0,0,0
2,Jalen Williams,OKC,Dylan Harper,SAS,01:16,5.4,12.2,42.5,42.5,2,4,0,0,0,1,1,100,0,0,0,0,0,0
2,Jalen Williams,OKC,Keldon Johnson,SAS,00:15,1.8,2.3,8.5,25.1,0,3,0,0,0,0,1,0,0,0,0,0,0,0
2,Jalen Williams,OKC,Luke Kornet,SAS,00:11,0.8,4.8,6.2,18.4,0,0,0,0,0,0,0,0,0,0,0,0,0,0
2,Jalen Williams,OKC,Devin Vassell,SAS,00:38,3.2,4,21.2,26.3,0,3,0,0,0,0,1,0,0,0,0,0,0,0
2,Jalen Williams,OKC,Victor Wembanyama,SAS,00:07,0.6,0.7,3.8,5.8,0,0,0,0,0,0,0,0,0,0,0,0,0,0
2,Chet Holmgren,OKC,Harrison Barnes,SAS,00:47,4.6,16,7.5,27.1,0,6,0,0,0,0,1,0,0,1,0,0,0,0
2,Chet Holmgren,OKC,Carter Bryant,SAS,00:17,2.7,7.1,2.7,22.5,4,6,0,0,0,2,2,100,0,0,0,0,0,0
2,Chet Holmgren,OKC,Stephon Castle,SAS,00:30,3.1,3.1,4.8,6.4,0,0,0,0,0,0,0,0,0,0,0,0,0,0
2,Chet Holmgren,OKC,Julian Champagnie,SAS,01:49,9.9,12.1,17.2,19.5,2,12,1,1,0,1,2,50,0,0,0,0,0,0
2,Chet Holmgren,OKC,Dylan Harper,SAS,00:20,1,3.2,3.1,4.9,0,0,0,0,0,0,0,0,0,0,0,0,0,0
2,Chet Holmgren,OKC,Keldon Johnson,SAS,01:53,7,17.3,17.8,45.5,5,11,0,0,0,2,3,66.7,0,0,0,1,1,1
2,Chet Holmgren,OKC,Luke Kornet,SAS,00:26,3.4,11.5,4.1,21.1,3,11,0,0,0,1,1,100,0,0,0,1,1,1
2,Chet Holmgren,OKC,Jordan McLaughlin,SAS,00:05,0.7,3.3,0.9,5.1,0,0,0,0,0,0,0,0,0,0,0,0,0,0
2,Chet Holmgren,OKC,Devin Vassell,SAS,03:02,10.9,19.3,28.5,35.9,0,18,1,0,0,0,1,0,0,1,0,0,0,0
2,Chet Holmgren,OKC,Victor Wembanyama,SAS,01:50,9.9,11.5,17.3,21.6,0,9,0,0,2,0,2,0,0,1,0,0,0,0
2,Isaiah Hartenstein,OKC,Harrison Barnes,SAS,00:10,0.7,3.3,1.4,6,0,0,1,0,0,0,0,0,0,0,0,0,0,0
2,Isaiah Hartenstein,OKC,Carter Bryant,SAS,00:10,0.8,4.1,1.4,13,0,0,0,0,0,0,0,0,0,0,0,0,0,0
2,Isaiah Hartenstein,OKC,Stephon Castle,SAS,01:29,5.9,9.1,12.6,13.7,0,8,1,0,0,0,1,0,0,0,0,0,0,0
2,Isaiah Hartenstein,OKC,Julian Champagnie,SAS,00:55,4.9,6,7.7,9.3,0,5,0,0,0,0,1,0,0,0,0,0,2,1
2,Isaiah Hartenstein,OKC,Dylan Harper,SAS,00:31,2.4,5.1,4.4,9,0,2,0,0,0,0,1,0,0,0,0,0,0,0
2,Isaiah Hartenstein,OKC,Keldon Johnson,SAS,00:21,2.4,3.2,3,5.4,0,7,0,0,0,0,0,0,0,0,0,0,0,0
2,Isaiah Hartenstein,OKC,Jordan McLaughlin,SAS,00:02,0.1,1.2,0.3,3.4,0,0,0,0,0,0,0,0,0,0,0,0,0,0
2,Isaiah Hartenstein,OKC,Devin Vassell,SAS,00:37,2.2,4,5.3,6.8,2,5,0,0,0,0,0,0,0,0,0,2,2,1
2,Isaiah Hartenstein,OKC,Victor Wembanyama,SAS,08:14,34.6,51.4,69.7,69.7,8,42,0,2,1,4,7,57.1,0,0,0,0,0,0
2,Luguentz Dort,OKC,Carter Bryant,SAS,00:06,0.5,2.3,1.4,7.8,0,0,0,0,0,0,0,0,0,0,0,0,0,0
2,Luguentz Dort,OKC,Stephon Castle,SAS,01:15,5.2,7.6,17.9,18.4,0,7,1,0,0,0,0,0,0,0,0,0,0,0
2,Luguentz Dort,OKC,Julian Champagnie,SAS,03:00,11.3,19.9,43,56.1,2,10,1,1,0,1,1,100,0,0,0,0,0,0
2,Luguentz Dort,OKC,Dylan Harper,SAS,00:51,5.3,8.3,12.2,15.3,3,7,1,0,0,1,1,100,0,0,0,1,2,1
2,Luguentz Dort,OKC,Keldon Johnson,SAS,00:06,0.3,0.9,1.4,5.4,0,0,0,0,0,0,0,0,0,0,0,0,0,0
2,Luguentz Dort,OKC,Luke Kornet,SAS,00:28,2.2,12.4,6.7,28.8,3,6,0,0,0,1,1,100,1,1,100,0,0,0
2,Luguentz Dort,OKC,Devin Vassell,SAS,00:53,3.5,5.7,12.7,13.8,0,5,0,0,0,0,0,0,0,0,0,0,0,0
2,Luguentz Dort,OKC,Victor Wembanyama,SAS,00:34,2.6,3.5,8,10.4,0,0,0,0,0,0,1,0,0,1,0,0,0,0
2,Shai Gilgeous-Alexander,OKC,Harrison Barnes,SAS,00:14,1.6,4.7,1.4,6.9,0,2,0,0,0,0,0,0,0,0,0,0,0,0
2,Shai Gilgeous-Alexander,OKC,Carter Bryant,SAS,00:42,5,16.9,4.2,35.4,4,9,0,0,1,2,3,66.7,0,0,0,0,0,0
2,Shai Gilgeous-Alexander,OKC,Stephon Castle,SAS,07:27,30.5,45.4,45.6,55.6,17,37,1,1,0,8,12,66.7,0,1,0,1,1,1
2,Shai Gilgeous-Alexander,OKC,Julian Champagnie,SAS,01:31,4.8,10,9.3,11.9,0,0,0,0,0,0,0,0,0,0,0,0,0,0
2,Shai Gilgeous-Alexander,OKC,Dylan Harper,SAS,02:00,9.7,19.5,12.3,20.9,0,16,2,0,0,0,1,0,0,0,0,0,0,0
2,Shai Gilgeous-Alexander,OKC,Keldon Johnson,SAS,00:30,4,4.6,3.1,6.5,0,2,1,0,0,0,0,0,0,0,0,0,0,0
2,Shai Gilgeous-Alexander,OKC,Luke Kornet,SAS,00:09,1.4,4.1,1,11.6,2,4,0,0,0,1,1,100,0,0,0,0,0,0
2,Shai Gilgeous-Alexander,OKC,Jordan McLaughlin,SAS,00:25,2.9,15.1,2.5,15.1,5,13,2,0,0,2,2,100,0,0,0,1,1,1
2,Shai Gilgeous-Alexander,OKC,Devin Vassell,SAS,03:02,17,19.3,18.6,21.8,4,22,3,0,0,1,4,25,0,1,0,2,2,1
2,Shai Gilgeous-Alexander,OKC,Victor Wembanyama,SAS,01:18,5.9,8.1,7.9,8.7,4,10,1,0,0,2,8,25,0,1,0,0,0,0
2,Alex Caruso,OKC,Harrison Barnes,SAS,00:35,2.7,11.8,5.6,21.2,0,3,0,0,0,0,0,0,0,0,0,0,0,0
2,Alex Caruso,OKC,Carter Bryant,SAS,00:25,2.8,10.2,4,13.8,0,3,0,0,0,0,0,0,0,0,0,0,0,0
2,Alex Caruso,OKC,Stephon Castle,SAS,01:27,7.9,8.8,13.8,16.4,0,5,0,0,0,0,1,0,0,1,0,0,0,0
2,Alex Caruso,OKC,Julian Champagnie,SAS,01:03,5.3,7,10.1,18.9,2,4,1,0,0,0,0,0,0,0,0,2,2,1
2,Alex Caruso,OKC,Dylan Harper,SAS,00:42,4.2,6.8,6.7,19.5,0,4,1,0,0,0,0,0,0,0,0,0,0,0
2,Alex Caruso,OKC,Keldon Johnson,SAS,03:13,13.5,29.6,30.7,39.5,0,10,1,0,0,0,0,0,0,0,0,0,0,0
2,Alex Caruso,OKC,Luke Kornet,SAS,00:29,2,12.7,4.6,22,0,3,0,0,0,0,0,0,0,0,0,0,0,0
2,Alex Caruso,OKC,Jordan McLaughlin,SAS,00:11,1.1,6.9,1.8,12.4,0,0,1,0,0,0,0,0,0,0,0,0,0,0
2,Alex Caruso,OKC,Devin Vassell,SAS,00:39,4.1,4.2,6.3,7.9,5,10,0,0,0,2,3,66.7,1,1,100,0,0,0
2,Alex Caruso,OKC,Victor Wembanyama,SAS,00:57,4.8,5.9,9.1,11.5,8,14,1,0,0,3,3,100,2,2,100,0,0,0
2,Jaylin Williams,OKC,Carter Bryant,SAS,00:08,0.6,3.1,3.2,7.9,0,3,0,0,0,0,0,0,0,0,0,0,0,0
2,Jaylin Williams,OKC,Stephon Castle,SAS,00:25,2.2,2.5,10.3,10.5,0,2,0,0,0,0,0,0,0,0,0,0,0,0
2,Jaylin Williams,OKC,Julian Champagnie,SAS,00:23,2.3,2.6,9.6,16.3,0,6,1,0,0,0,1,0,0,1,0,0,0,0
2,Jaylin Williams,OKC,Dylan Harper,SAS,00:41,2.4,6.6,16.9,31.2,0,0,0,0,0,0,0,0,0,0,0,0,0,0
2,Jaylin Williams,OKC,Keldon Johnson,SAS,00:27,2.9,4.1,11.2,25.8,0,3,1,0,0,0,0,0,0,0,0,0,0,0
2,Jaylin Williams,OKC,Luke Kornet,SAS,00:41,3.5,17.8,17,24.5,0,3,0,0,0,0,1,0,0,1,0,0,0,0
2,Jaylin Williams,OKC,Devin Vassell,SAS,00:43,2.8,4.5,17.8,20.8,0,0,0,0,0,0,0,0,0,0,0,0,0,0
2,Jaylin Williams,OKC,Victor Wembanyama,SAS,00:17,2.2,1.8,7.1,23.1,0,0,0,0,0,0,2,0,0,2,0,0,0,0
2,Ajay Mitchell,OKC,Harrison Barnes,SAS,00:44,4.5,14.7,6.6,17.6,2,2,0,0,0,1,2,50,0,1,0,0,0,0
2,Ajay Mitchell,OKC,Carter Bryant,SAS,01:08,4.3,27.5,10.2,39.9,2,2,0,0,0,1,1,100,0,0,0,0,0,0
2,Ajay Mitchell,OKC,Stephon Castle,SAS,01:39,9.4,10.1,14.9,20,2,17,1,0,0,1,2,50,0,0,0,0,0,0
2,Ajay Mitchell,OKC,Julian Champagnie,SAS,00:44,4.3,4.8,6.6,9.2,0,5,0,1,0,0,0,0,0,0,0,0,0,0
2,Ajay Mitchell,OKC,Dylan Harper,SAS,00:51,4.6,8.2,7.7,23.2,0,5,0,0,0,0,0,0,0,0,0,0,0,0
2,Ajay Mitchell,OKC,Keldon Johnson,SAS,01:17,7.2,11.8,11.6,16.8,2,14,0,1,0,0,0,0,0,0,0,2,2,1
2,Ajay Mitchell,OKC,Luke Kornet,SAS,00:29,2.9,12.7,4.4,14.3,0,5,0,0,0,0,0,0,0,0,0,0,0,0
2,Ajay Mitchell,OKC,Jordan McLaughlin,SAS,00:28,2.7,17.1,4.3,19.3,0,2,0,1,0,0,1,0,0,0,0,0,0,0
2,Ajay Mitchell,OKC,Devin Vassell,SAS,02:38,10.8,16.7,23.8,34.8,4,11,1,0,0,2,3,66.7,0,1,0,0,0,0
2,Ajay Mitchell,OKC,Victor Wembanyama,SAS,00:37,2.9,3.8,5.5,8.1,0,0,0,0,0,0,0,0,0,0,0,0,0,0
2,Jared McCain,OKC,Harrison Barnes,SAS,01:21,5.4,27.2,12.6,33.5,0,2,0,0,0,0,1,0,0,1,0,0,0,0
2,Jared McCain,OKC,Carter Bryant,SAS,00:27,1.9,10.9,4.2,13.5,0,2,0,0,0,0,0,0,0,0,0,0,0,0
2,Jared McCain,OKC,Stephon Castle,SAS,00:32,3.7,3.2,5,6.4,0,2,0,0,0,0,2,0,0,0,0,0,0,0
2,Jared McCain,OKC,Julian Champagnie,SAS,01:42,8.2,11.3,15.8,21.4,5,13,0,0,0,2,3,66.7,1,1,100,0,0,0
2,Jared McCain,OKC,Dylan Harper,SAS,01:09,7.2,11.2,10.7,29.6,0,15,1,0,0,0,0,0,0,0,0,0,0,0
2,Jared McCain,OKC,Keldon Johnson,SAS,01:25,4.8,13,13.2,21.6,0,5,0,0,0,0,1,0,0,1,0,0,0,0
2,Jared McCain,OKC,Luke Kornet,SAS,00:33,3,14.2,5.1,16,0,2,1,0,0,0,0,0,0,0,0,0,0,0
2,Jared McCain,OKC,Jordan McLaughlin,SAS,00:42,3.2,25.5,6.6,33.8,5,9,0,0,0,2,3,66.7,1,2,50,0,0,0
2,Jared McCain,OKC,Devin Vassell,SAS,01:59,12,12.6,18.5,28.4,1,17,1,0,0,0,2,0,0,0,0,1,2,1
2,Jared McCain,OKC,Victor Wembanyama,SAS,00:46,3.1,4.7,7.1,10.6,3,5,0,0,0,1,3,33.3,1,3,33.3,0,0,0
2,Cason Wallace,OKC,Harrison Barnes,SAS,00:39,2.6,13.3,6.1,36.4,3,11,0,0,0,1,1,100,1,1,100,0,0,0
2,Cason Wallace,OKC,Carter Bryant,SAS,00:21,1.8,8.4,3.2,15.6,0,0,0,0,0,0,0,0,0,0,0,0,0,0
2,Cason Wallace,OKC,Stephon Castle,SAS,01:19,5,8,12.2,16.3,0,9,1,0,0,0,0,0,0,0,0,0,0,0
2,Cason Wallace,OKC,Julian Champagnie,SAS,03:00,12.7,19.9,27.9,31.8,0,11,1,0,0,0,0,0,0,0,0,0,0,0
2,Cason Wallace,OKC,Dylan Harper,SAS,01:41,7.1,16.4,15.6,32.3,0,2,0,0,0,0,0,0,0,0,0,0,0,0
2,Cason Wallace,OKC,Keldon Johnson,SAS,00:54,5.8,8.2,8.3,14.7,3,12,0,0,0,1,1,100,1,1,100,0,0,0
2,Cason Wallace,OKC,Luke Kornet,SAS,00:22,2.9,9.8,3.5,30,0,0,0,0,0,0,0,0,0,0,0,0,0,0
2,Cason Wallace,OKC,Jordan McLaughlin,SAS,00:25,1.6,15,3.8,26.9,0,2,0,0,0,0,0,0,0,0,0,0,0,0
2,Cason Wallace,OKC,Devin Vassell,SAS,00:38,3.7,4.1,5.9,7.3,3,5,1,0,0,1,1,100,1,1,100,0,0,0
2,Cason Wallace,OKC,Victor Wembanyama,SAS,00:55,5,5.7,8.5,9.6,3,5,1,0,0,1,1,100,1,1,100,0,0,0
2,Isaiah Joe,OKC,Harrison Barnes,SAS,00:27,2.1,9,10.9,31.9,0,3,1,0,0,0,0,0,0,0,0,0,0,0
2,Isaiah Joe,OKC,Carter Bryant,SAS,00:08,0.7,3.4,3.4,13.7,0,0,0,0,0,0,0,0,0,0,0,0,0,0
2,Isaiah Joe,OKC,Stephon Castle,SAS,00:11,1.1,1.1,4.3,5.7,0,2,0,0,0,0,0,0,0,0,0,0,0,0
2,Isaiah Joe,OKC,Julian Champagnie,SAS,00:44,4.4,4.9,18.1,30.7,0,2,0,0,0,0,0,0,0,0,0,0,0,0
2,Isaiah Joe,OKC,Dylan Harper,SAS,00:15,0.7,2.5,6.3,11.9,0,0,0,0,0,0,0,0,0,0,0,0,0,0
2,Isaiah Joe,OKC,Keldon Johnson,SAS,00:31,2.4,4.8,12.8,18,0,2,0,0,0,0,0,0,0,0,0,0,0,0
2,Isaiah Joe,OKC,Jordan McLaughlin,SAS,00:26,2.7,15.8,10.7,64.8,0,5,0,0,0,0,0,0,0,0,0,0,0,0
2,Isaiah Joe,OKC,Devin Vassell,SAS,00:52,5.5,5.6,21.4,30.4,0,0,0,0,0,0,1,0,0,0,0,0,0,0
2,Isaiah Joe,OKC,Victor Wembanyama,SAS,00:27,1.5,2.8,11.1,11.6,0,0,0,0,0,0,2,0,0,2,0,0,0,0
2,Aaron Wiggins,OKC,Stephon Castle,SAS,00:11,1,1.1,100,100,0,0,0,0,0,0,0,0,0,0,0,0,0,0
2,Devin Vassell,SAS,Alex Caruso,OKC,01:46,10.4,19.2,12.7,23.7,0,8,0,0,0,0,2,0,0,2,0,0,0,0
2,Devin Vassell,SAS,Luguentz Dort,OKC,00:27,2.5,7.5,3.2,8.2,0,0,0,0,0,0,0,0,0,0,0,0,0,0
2,Devin Vassell,SAS,Shai Gilgeous-Alexander,OKC,04:15,19.8,30.4,30.6,35,6,22,0,0,0,2,3,66.7,2,2,100,0,0,0
2,Devin Vassell,SAS,Isaiah Hartenstein,OKC,00:21,1.7,3.6,2.6,4.4,0,0,0,0,0,0,1,0,0,1,0,0,0,0
2,Devin Vassell,SAS,Chet Holmgren,OKC,00:14,1.9,2.1,1.6,2.6,0,0,0,0,0,0,1,0,0,0,0,0,0,0
2,Devin Vassell,SAS,Isaiah Joe,OKC,00:42,4.6,20.9,5,28.7,0,4,0,0,0,0,0,0,0,0,0,0,0,0
2,Devin Vassell,SAS,Jared McCain,OKC,02:17,13.6,25.2,16.4,39,5,15,1,0,0,2,2,100,1,1,100,0,0,0
2,Devin Vassell,SAS,Ajay Mitchell,OKC,02:07,9.6,19.3,15.2,27.8,3,13,0,0,0,1,2,50,1,2,50,0,0,0
2,Devin Vassell,SAS,Cason Wallace,OKC,00:41,5.6,7.9,4.9,10.3,0,7,0,1,0,0,0,0,0,0,0,0,0,0
2,Devin Vassell,SAS,Jalen Williams,OKC,00:23,2.8,13.3,2.8,16.3,0,5,0,0,0,0,1,0,0,1,0,0,0,0
2,Devin Vassell,SAS,Jaylin Williams,OKC,00:06,0.4,2.9,0.7,3.8,3,3,0,0,0,1,1,100,1,1,100,0,0,0
2,Julian Champagnie,SAS,Alex Caruso,OKC,01:00,6.3,10.8,7.6,20,0,6,0,0,0,0,1,0,0,1,0,0,0,0
2,Julian Champagnie,SAS,Luguentz Dort,OKC,00:43,4.6,12.2,5.5,14.8,2,2,0,0,0,0,0,0,0,0,0,2,2,1
2,Julian Champagnie,SAS,Shai Gilgeous-Alexander,OKC,01:55,9.4,13.7,14.6,18.9,1,9,0,0,0,0,1,0,0,1,0,1,2,1
2,Julian Champagnie,SAS,Isaiah Hartenstein,OKC,00:23,3.4,4,3,5,0,3,0,0,0,0,1,0,0,1,0,0,0,0
2,Julian Champagnie,SAS,Chet Holmgren,OKC,02:21,11.4,21.8,17.9,25.9,0,17,0,0,0,0,1,0,0,1,0,0,0,0
2,Julian Champagnie,SAS,Isaiah Joe,OKC,00:35,3,17.4,4.4,35,0,2,0,0,0,0,0,0,0,0,0,0,0,0
2,Julian Champagnie,SAS,Jared McCain,OKC,03:44,18.5,41.1,28.5,56.8,2,24,1,0,0,1,3,33.3,0,2,0,0,0,0
2,Julian Champagnie,SAS,Ajay Mitchell,OKC,01:07,6.1,10.2,8.5,13.9,0,10,0,0,0,0,0,0,0,0,0,0,0,0
2,Julian Champagnie,SAS,Cason Wallace,OKC,00:49,7.3,9.4,6.2,11,3,8,0,0,0,1,1,100,1,1,100,0,0,0
2,Julian Champagnie,SAS,Jalen Williams,OKC,00:04,1.1,2.5,0.5,2.8,0,0,0,0,0,0,0,0,0,0,0,0,0,0
2,Julian Champagnie,SAS,Jaylin Williams,OKC,00:05,0.4,2.2,0.6,3.2,0,0,0,0,0,0,0,0,0,0,0,0,0,0
2,Victor Wembanyama,SAS,Alex Caruso,OKC,00:52,5.8,9.5,6.6,13.1,0,7,2,0,0,0,1,0,0,1,0,0,0,0
2,Victor Wembanyama,SAS,Luguentz Dort,OKC,00:17,1.3,4.9,2.2,6,0,0,0,0,0,0,1,0,0,1,0,0,0,0
2,Victor Wembanyama,SAS,Shai Gilgeous-Alexander,OKC,00:53,4.4,6.4,6.7,7.3,3,13,1,1,0,1,2,50,1,2,50,0,0,0
2,Victor Wembanyama,SAS,Isaiah Hartenstein,OKC,07:55,40.7,80.1,59.7,80.1,16,47,0,1,0,6,10,60,2,3,66.7,2,2,0
2,Victor Wembanyama,SAS,Chet Holmgren,OKC,02:30,16,23.2,18.8,31.6,0,21,1,1,0,0,0,0,0,0,0,0,0,0
2,Victor Wembanyama,SAS,Isaiah Joe,OKC,00:23,1.7,11.6,2.9,11.6,0,4,1,0,0,0,0,0,0,0,0,0,0,0
2,Victor Wembanyama,SAS,Jared McCain,OKC,00:04,0.6,0.8,0.5,1.3,0,3,0,0,0,0,0,0,0,0,0,0,0,0
2,Victor Wembanyama,SAS,Ajay Mitchell,OKC,00:11,1.3,1.7,1.4,2.7,0,2,0,0,0,0,0,0,0,0,0,0,0,0
2,Victor Wembanyama,SAS,Cason Wallace,OKC,00:26,3.1,5,3.3,6.4,0,3,0,1,0,0,0,0,0,0,0,0,0,0
2,Victor Wembanyama,SAS,Jalen Williams,OKC,00:22,2.2,12.5,2.7,17.9,0,5,0,1,0,0,0,0,0,0,0,0,0,0
2,Victor Wembanyama,SAS,Jaylin Williams,OKC,00:37,4.2,17.4,4.6,83.5,5,10,1,0,0,2,3,66.7,1,1,100,0,0,0
2,Dylan Harper,SAS,Alex Caruso,OKC,00:40,3.5,7.3,7.2,20.2,0,2,0,0,0,0,1,0,0,0,0,0,0,0
2,Dylan Harper,SAS,Luguentz Dort,OKC,01:41,9.4,28.5,18.1,32.7,4,18,1,0,0,2,2,100,0,0,0,0,0,0
2,Dylan Harper,SAS,Shai Gilgeous-Alexander,OKC,01:25,9.3,10.1,15.2,17.2,4,10,0,0,0,2,3,66.7,0,0,0,0,0,0
2,Dylan Harper,SAS,Isaiah Hartenstein,OKC,00:25,2.1,4.2,4.5,7.9,2,2,1,0,0,1,1,100,0,0,0,0,0,0
2,Dylan Harper,SAS,Chet Holmgren,OKC,00:21,1.3,3.3,3.8,5.5,2,2,0,0,0,0,0,0,0,0,0,2,2,1
2,Dylan Harper,SAS,Isaiah Joe,OKC,00:13,3.2,6.7,2.4,13.8,0,2,0,0,0,0,1,0,0,0,0,0,0,0
2,Dylan Harper,SAS,Jared McCain,OKC,00:06,0.5,1.1,1.1,3.2,0,0,0,0,0,0,1,0,0,0,0,0,0,0
2,Dylan Harper,SAS,Ajay Mitchell,OKC,01:20,6.4,12.2,14.3,33.7,0,7,1,0,0,0,2,0,0,0,0,0,0,0
2,Dylan Harper,SAS,Cason Wallace,OKC,02:45,14.6,31.8,29.6,61.5,2,21,0,1,0,1,1,100,0,0,0,0,0,0
2,Dylan Harper,SAS,Jalen Williams,OKC,00:06,0.3,3.3,1,3.3,0,0,0,0,0,0,0,0,0,0,0,0,0,0
2,Dylan Harper,SAS,Jaylin Williams,OKC,00:09,0.7,4.4,1.7,8.3,0,0,0,0,0,0,0,0,0,0,0,0,0,0
2,Stephon Castle,SAS,Alex Caruso,OKC,03:12,16.9,34.9,23.3,44.7,4,12,2,4,0,2,3,66.7,0,1,0,0,0,0
2,Stephon Castle,SAS,Luguentz Dort,OKC,02:12,9.1,37.3,16,41.3,0,14,1,0,0,0,0,0,0,0,0,0,0,0
2,Stephon Castle,SAS,Shai Gilgeous-Alexander,OKC,01:14,7,8.8,9,11,0,8,0,1,0,0,2,0,0,2,0,0,0,0
2,Stephon Castle,SAS,Isaiah Hartenstein,OKC,00:45,4.7,7.6,5.5,8.4,4,4,1,1,0,2,3,66.7,0,0,0,0,0,0
2,Stephon Castle,SAS,Chet Holmgren,OKC,00:34,3.3,5.3,4.2,7.4,0,5,1,0,0,0,1,0,0,1,0,0,0,0
2,Stephon Castle,SAS,Isaiah Joe,OKC,00:05,0.5,2.7,0.7,3.6,2,2,0,0,0,1,1,100,0,0,0,0,0,0
2,Stephon Castle,SAS,Jared McCain,OKC,00:25,3.5,4.6,3,6.3,5,10,2,0,0,2,2,100,1,1,100,0,0,0
2,Stephon Castle,SAS,Ajay Mitchell,OKC,01:03,7.7,9.5,7.6,13.9,6,6,0,1,1,3,4,75,0,0,0,0,0,0
2,Stephon Castle,SAS,Cason Wallace,OKC,02:37,13.8,30.2,19,41.5,4,17,1,2,0,2,3,66.7,0,1,0,0,0,0
2,Stephon Castle,SAS,Jalen Williams,OKC,01:09,4.7,39.7,8.4,48.6,0,5,0,0,0,0,0,0,0,0,0,0,0,0
2,Stephon Castle,SAS,Jaylin Williams,OKC,00:17,1.7,8.2,2.1,9.4,4,4,0,0,0,1,2,50,0,0,0,2,2,1
2,Keldon Johnson,SAS,Alex Caruso,OKC,00:56,6,10.2,9.8,13.2,0,7,0,0,0,0,1,0,0,1,0,0,0,0
2,Keldon Johnson,SAS,Luguentz Dort,OKC,00:10,0.8,2.9,1.8,15.6,0,0,0,0,0,0,1,0,0,1,0,0,0,0
2,Keldon Johnson,SAS,Shai Gilgeous-Alexander,OKC,01:38,10,11.7,17.2,23.7,0,14,1,0,0,0,0,0,0,0,0,0,0,0
2,Keldon Johnson,SAS,Isaiah Hartenstein,OKC,00:01,0.1,0.2,0.3,0.4,0,0,0,0,0,0,0,0,0,0,0,0,0,0
2,Keldon Johnson,SAS,Chet Holmgren,OKC,01:06,4.7,10.3,11.6,28.2,2,7,0,0,0,1,5,20,0,0,0,0,0,0
2,Keldon Johnson,SAS,Isaiah Joe,OKC,00:08,1,4.2,1.5,5.4,0,3,0,0,0,0,0,0,0,0,0,0,0,0
2,Keldon Johnson,SAS,Jared McCain,OKC,00:31,4.1,5.7,5.4,8.9,3,7,0,0,0,1,1,100,1,1,100,0,0,0
2,Keldon Johnson,SAS,Ajay Mitchell,OKC,03:19,15.9,30.4,34.9,47,0,11,0,1,0,0,3,0,0,0,0,0,0,0
2,Keldon Johnson,SAS,Cason Wallace,OKC,01:00,4.6,11.5,10.5,18.6,5,5,0,0,0,2,2,100,1,1,100,0,1,1
2,Keldon Johnson,SAS,Jalen Williams,OKC,00:18,1.8,10.5,3.2,34.3,0,0,0,0,0,0,0,0,0,0,0,0,0,0
2,Keldon Johnson,SAS,Jaylin Williams,OKC,00:12,1,5.5,2,12.8,0,0,0,0,0,0,1,0,0,0,0,0,0,0
2,Luke Kornet,SAS,Alex Caruso,OKC,00:05,0.4,1,2,3.5,0,0,0,0,0,0,0,0,0,0,0,0,0,0
2,Luke Kornet,SAS,Shai Gilgeous-Alexander,OKC,00:03,0.3,0.4,1.3,3.4,0,0,0,0,0,0,0,0,0,0,0,0,0,0
2,Luke Kornet,SAS,Chet Holmgren,OKC,01:27,6.8,13.5,33.3,50.6,0,2,0,0,0,0,0,0,0,0,0,0,0,0
2,Luke Kornet,SAS,Jared McCain,OKC,00:22,1.6,4.1,8.6,9.3,0,2,0,0,0,0,0,0,0,0,0,0,0,0
2,Luke Kornet,SAS,Ajay Mitchell,OKC,00:08,1.3,1.2,3,3.2,0,4,0,0,0,0,0,0,0,0,0,0,0,0
2,Luke Kornet,SAS,Cason Wallace,OKC,00:11,1.2,2.1,4.3,9.5,2,2,0,0,0,1,1,100,0,0,0,0,0,0
2,Luke Kornet,SAS,Jalen Williams,OKC,00:26,2.2,14.8,9.8,48.5,2,4,0,0,0,1,1,100,0,0,0,0,0,0
2,Luke Kornet,SAS,Jaylin Williams,OKC,01:59,10.3,56.5,45.6,71.4,2,11,0,0,0,1,1,100,0,0,0,0,0,0
2,Carter Bryant,SAS,Alex Caruso,OKC,00:07,1.1,1.2,3,4.2,0,3,0,0,0,0,0,0,0,0,0,0,0,0
2,Carter Bryant,SAS,Luguentz Dort,OKC,00:16,2.4,4.6,7.1,39.2,0,4,0,0,0,0,0,0,0,0,0,0,0,0
2,Carter Bryant,SAS,Shai Gilgeous-Alexander,OKC,01:06,6.7,7.9,28.8,70.8,0,0,0,0,0,0,0,0,0,0,0,0,0,0
2,Carter Bryant,SAS,Chet Holmgren,OKC,00:31,1.7,4.9,13.6,24.1,0,0,0,1,0,0,0,0,0,0,0,0,0,0
2,Carter Bryant,SAS,Isaiah Joe,OKC,00:08,1.1,4.1,3.6,32.3,0,0,0,0,0,0,0,0,0,0,0,0,0,0
2,Carter Bryant,SAS,Jared McCain,OKC,00:19,2.1,3.5,8.3,9.4,0,2,0,1,0,0,0,0,0,0,0,0,0,0
2,Carter Bryant,SAS,Ajay Mitchell,OKC,00:55,3.1,8.4,24,27.8,0,0,0,0,0,0,0,0,0,0,0,0,0,0
2,Carter Bryant,SAS,Cason Wallace,OKC,00:06,0.6,1.1,2.5,4.5,0,2,0,0,0,0,0,0,0,0,0,0,0,0
2,Carter Bryant,SAS,Jalen Williams,OKC,00:06,0.4,3.6,2.7,19.6,0,0,0,0,0,0,0,0,0,0,0,0,0,0
2,Carter Bryant,SAS,Jaylin Williams,OKC,00:06,0.3,2.9,2.7,5.9,0,0,0,0,0,0,0,0,0,0,0,0,0,0
2,Jordan McLaughlin,SAS,Alex Caruso,OKC,00:03,0.2,0.6,1.9,3.2,0,0,0,0,0,0,0,0,0,0,0,0,0,0
2,Jordan McLaughlin,SAS,Shai Gilgeous-Alexander,OKC,00:30,3.2,3.6,17.5,18.1,6,6,0,0,0,2,3,66.7,2,2,100,0,0,0
2,Jordan McLaughlin,SAS,Chet Holmgren,OKC,00:02,0.1,0.3,1.1,1.5,0,0,0,0,0,0,0,0,0,0,0,0,0,0
2,Jordan McLaughlin,SAS,Isaiah Joe,OKC,00:45,2.8,22.7,26.4,93.2,0,2,0,0,0,0,0,0,0,0,0,0,0,0
2,Jordan McLaughlin,SAS,Jared McCain,OKC,00:45,3.6,8.2,26,38,0,4,0,0,0,0,0,0,0,0,0,0,0,0
2,Jordan McLaughlin,SAS,Ajay Mitchell,OKC,00:45,7.2,6.8,26.1,30.4,0,5,1,1,0,0,1,0,0,0,0,0,0,0
2,Jordan McLaughlin,SAS,Cason Wallace,OKC,00:01,0.1,0.3,0.8,1.8,0,0,0,0,0,0,0,0,0,0,0,0,0,0
2,Harrison Barnes,SAS,Alex Caruso,OKC,00:29,2.5,5.2,11.4,20.8,5,8,0,0,0,1,1,100,1,1,100,2,2,1
2,Harrison Barnes,SAS,Luguentz Dort,OKC,00:07,0.6,2.1,2.9,12.4,0,0,0,0,0,0,0,0,0,0,0,0,0,0
2,Harrison Barnes,SAS,Shai Gilgeous-Alexander,OKC,00:58,5.9,7,23.1,33,0,7,0,0,0,0,0,0,0,0,0,0,0,0
2,Harrison Barnes,SAS,Isaiah Hartenstein,OKC,00:01,0.4,0.2,0.6,1.1,0,0,0,0,0,0,0,0,0,0,0,0,0,0
2,Harrison Barnes,SAS,Chet Holmgren,OKC,01:39,8,15.4,39.3,56.4,0,7,0,1,0,0,1,0,0,1,0,0,0,0
2,Harrison Barnes,SAS,Isaiah Joe,OKC,00:19,2.1,9.6,7.6,25.9,0,2,0,1,0,0,0,0,0,0,0,0,0,0
2,Harrison Barnes,SAS,Jared McCain,OKC,00:31,4.3,5.7,12.3,18,0,2,0,1,0,0,0,0,0,0,0,0,0,0
2,Harrison Barnes,SAS,Ajay Mitchell,OKC,00:02,0.1,0.2,0.6,0.7,0,0,0,0,0,0,0,0,0,0,0,0,0,0
2,Harrison Barnes,SAS,Cason Wallace,OKC,00:03,0.6,0.5,1.1,4.8,0,0,0,0,0,0,0,0,0,0,0,0,0,0
3,Devin Vassell,SAS,Alex Caruso,OKC,01:24,6.5,15.6,10.7,16.5,3,10,0,0,0,1,2,50,1,2,50,0,0,0
3,Devin Vassell,SAS,Luguentz Dort,OKC,00:33,1.9,6.4,4.2,8.9,3,5,0,0,0,1,1,100,0,0,0,1,1,1
3,Devin Vassell,SAS,Shai Gilgeous-Alexander,OKC,02:02,11,15.9,15.5,20.4,4,13,0,0,0,2,2,100,0,0,0,0,0,0
3,Devin Vassell,SAS,Isaiah Hartenstein,OKC,00:25,3.6,5.3,3.2,6,8,8,0,0,0,2,3,66.7,2,2,100,2,2,1
3,Devin Vassell,SAS,Chet Holmgren,OKC,00:08,1.9,1.5,1.1,2.1,0,2,0,0,0,0,0,0,0,0,0,0,0,0
3,Devin Vassell,SAS,Isaiah Joe,OKC,01:20,6.9,35.8,10.2,52.6,0,8,0,0,0,0,2,0,0,0,0,0,0,0
3,Devin Vassell,SAS,Jared McCain,OKC,03:42,19.9,39,28.3,53.4,0,13,2,0,0,0,1,0,0,1,0,0,0,0
3,Devin Vassell,SAS,Ajay Mitchell,OKC,01:54,9.4,30.4,14.5,35.9,0,7,0,0,0,0,1,0,0,0,0,0,0,0
3,Devin Vassell,SAS,Cason Wallace,OKC,01:20,6.9,12.2,10.2,17.6,2,9,0,0,0,1,2,50,0,1,0,0,0,0
3,Devin Vassell,SAS,Jaylin Williams,OKC,00:11,0.9,2.2,1.3,3.5,0,2,0,0,0,0,0,0,0,0,0,0,0,0
3,Julian Champagnie,SAS,Alex Caruso,OKC,00:41,6.1,7.6,5.4,10.5,5,10,0,0,0,2,3,66.7,1,2,50,0,0,0
3,Julian Champagnie,SAS,Luguentz Dort,OKC,00:45,5.2,8.8,6,10.7,0,12,0,0,0,0,1,0,0,1,0,0,0,0
3,Julian Champagnie,SAS,Shai Gilgeous-Alexander,OKC,04:44,25.4,37.1,37.9,47.6,0,28,1,0,0,0,1,0,0,1,0,0,0,0
3,Julian Champagnie,SAS,Isaiah Hartenstein,OKC,00:06,1.1,1.2,0.8,1.6,0,0,0,0,0,0,0,0,0,0,0,0,0,0
3,Julian Champagnie,SAS,Chet Holmgren,OKC,01:30,9.1,15.9,12,19.7,0,9,1,0,0,0,1,0,0,1,0,0,0,0
3,Julian Champagnie,SAS,Isaiah Joe,OKC,00:32,1.9,14,4.2,33.4,0,2,0,0,0,0,0,0,0,0,0,0,0,0
3,Julian Champagnie,SAS,Jared McCain,OKC,03:10,17.7,33.3,25.3,54.3,5,18,0,0,0,2,4,50,1,3,33.3,0,0,0
3,Julian Champagnie,SAS,Ajay Mitchell,OKC,00:04,0.6,1,0.5,1.2,0,2,0,0,0,0,0,0,0,0,0,0,0,0
3,Julian Champagnie,SAS,Cason Wallace,OKC,00:28,1.5,4.2,3.7,6.3,0,0,0,0,0,0,0,0,0,0,0,0,0,0
3,Julian Champagnie,SAS,Jaylin Williams,OKC,00:14,1.4,2.8,1.8,4,2,4,0,0,0,1,1,100,0,0,0,0,0,0
3,Victor Wembanyama,SAS,Alex Caruso,OKC,00:50,5,9.3,5.8,11.5,0,3,0,1,0,0,1,0,0,0,0,0,0,0
3,Victor Wembanyama,SAS,Luguentz Dort,OKC,00:49,5.1,9.5,5.7,10.6,0,7,0,0,0,0,0,0,0,0,0,0,0,0
3,Victor Wembanyama,SAS,Shai Gilgeous-Alexander,OKC,00:22,2.6,2.9,2.6,3.4,0,5,0,0,0,0,0,0,0,0,0,0,0,0
3,Victor Wembanyama,SAS,Isaiah Hartenstein,OKC,05:10,25.7,64.4,36.2,81.1,12,30,1,0,0,4,7,57.1,2,4,50,2,2,0
3,Victor Wembanyama,SAS,Chet Holmgren,OKC,05:13,31.6,55.1,36.6,57.1,8,35,1,1,0,2,4,50,0,1,0,4,5,2
3,Victor Wembanyama,SAS,Isaiah Joe,OKC,00:04,0.1,1.9,0.5,3.8,0,0,0,0,0,0,1,0,0,0,0,0,0,0
3,Victor Wembanyama,SAS,Jared McCain,OKC,00:19,2.2,3.3,2.2,4.1,2,4,0,0,0,1,1,100,0,0,0,0,0,0
3,Victor Wembanyama,SAS,Ajay Mitchell,OKC,00:17,1.7,4.5,2,4.9,0,3,0,0,0,0,0,0,0,0,0,0,0,0
3,Victor Wembanyama,SAS,Cason Wallace,OKC,00:27,2.9,4.1,3.2,5.3,2,6,0,0,0,1,1,100,0,0,0,0,0,0
3,Victor Wembanyama,SAS,Jaylin Williams,OKC,01:52,7.7,23.1,13.1,29,5,5,0,0,0,2,4,50,0,0,0,1,1,1
3,Stephon Castle,SAS,Alex Caruso,OKC,03:07,17.6,34.8,25.8,49.1,1,12,2,0,1,0,2,0,0,1,0,1,2,1
3,Stephon Castle,SAS,Luguentz Dort,OKC,00:50,5.5,9.8,6.9,11.5,0,4,0,0,0,0,1,0,0,1,0,0,0,0
3,Stephon Castle,SAS,Shai Gilgeous-Alexander,OKC,02:09,14.7,16.9,17.9,21.3,4,16,0,0,0,0,0,0,0,0,0,4,4,2
3,Stephon Castle,SAS,Isaiah Hartenstein,OKC,00:21,2.2,4.3,2.8,5.9,0,2,0,0,0,0,0,0,0,0,0,0,0,0
3,Stephon Castle,SAS,Chet Holmgren,OKC,00:36,2.8,6.3,4.9,8.3,0,6,1,0,0,0,1,0,0,0,0,0,0,0
3,Stephon Castle,SAS,Isaiah Joe,OKC,00:09,1.1,4,1.2,7.9,0,2,0,0,0,0,0,0,0,0,0,0,0,0
3,Stephon Castle,SAS,Jared McCain,OKC,00:38,2.1,6.7,5.3,10.9,0,3,1,0,0,0,0,0,0,0,0,0,0,0
3,Stephon Castle,SAS,Ajay Mitchell,OKC,01:27,7.6,23.3,12,29.5,2,7,1,0,0,0,1,0,0,1,0,2,2,0
3,Stephon Castle,SAS,Cason Wallace,OKC,01:59,10.3,18.1,16.4,31.2,3,6,1,0,0,1,4,25,1,2,50,0,0,0
3,Stephon Castle,SAS,Jaylin Williams,OKC,00:19,2,3.9,2.6,6.8,0,2,1,0,0,0,0,0,0,0,0,0,0,0
3,De'Aaron Fox,SAS,Alex Caruso,OKC,00:44,3.3,8.1,6.4,14.8,4,6,0,0,0,2,3,66.7,0,1,0,0,0,0
3,De'Aaron Fox,SAS,Luguentz Dort,OKC,04:36,25.3,53.8,40.3,60.9,2,22,2,2,0,1,2,50,0,1,0,0,0,0
3,De'Aaron Fox,SAS,Shai Gilgeous-Alexander,OKC,00:26,2.7,3.5,3.9,4.9,0,6,0,0,1,0,1,0,0,0,0,0,0,0
3,De'Aaron Fox,SAS,Isaiah Hartenstein,OKC,00:27,2.1,5.6,4,8,2,5,2,1,0,1,1,100,0,0,0,0,0,0
3,De'Aaron Fox,SAS,Chet Holmgren,OKC,00:14,1,2.5,2.1,3.8,0,0,0,0,0,0,1,0,0,1,0,0,0,0
3,De'Aaron Fox,SAS,Isaiah Joe,OKC,00:03,0.1,1.3,0.4,2.3,0,0,0,0,0,0,0,0,0,0,0,0,0,0
3,De'Aaron Fox,SAS,Jared McCain,OKC,00:07,1.1,1.2,1,2.4,0,2,0,0,0,0,0,0,0,0,0,0,0,0
3,De'Aaron Fox,SAS,Ajay Mitchell,OKC,00:51,7.6,13.7,7.5,17,2,12,0,0,0,1,2,50,0,0,0,0,0,0
3,De'Aaron Fox,SAS,Cason Wallace,OKC,03:19,15.8,30.3,29.1,47.7,7,20,3,1,0,3,5,60,1,3,33.3,0,0,0
3,De'Aaron Fox,SAS,Jaylin Williams,OKC,00:16,1.9,3.2,2.3,5.4,2,2,0,0,0,1,1,100,0,0,0,0,0,0
3,Dylan Harper,SAS,Alex Caruso,OKC,01:29,6.5,16.5,22.3,34.7,0,2,0,1,0,0,2,0,0,1,0,0,0,0
3,Dylan Harper,SAS,Luguentz Dort,OKC,00:07,0.3,1.3,1.7,6.3,0,0,1,0,0,0,0,0,0,0,0,0,0,0
3,Dylan Harper,SAS,Shai Gilgeous-Alexander,OKC,00:33,2.5,4.3,8.2,12.6,0,2,1,0,0,0,0,0,0,0,0,0,0,0
3,Dylan Harper,SAS,Isaiah Hartenstein,OKC,00:11,1,2.3,2.8,5.9,0,1,0,0,0,0,0,0,0,0,0,0,0,0
3,Dylan Harper,SAS,Chet Holmgren,OKC,00:25,2.7,4.4,6.3,15,0,2,0,0,0,0,1,0,0,0,0,0,0,0
3,Dylan Harper,SAS,Isaiah Joe,OKC,00:26,1.5,11.6,6.5,23.7,0,3,0,0,0,0,0,0,0,0,0,0,0,0
3,Dylan Harper,SAS,Jared McCain,OKC,00:18,2.3,3.2,4.6,5.6,0,3,0,0,0,0,1,0,0,0,0,0,0,0
3,Dylan Harper,SAS,Ajay Mitchell,OKC,00:22,1.5,5.8,5.5,31.2,0,0,0,0,0,0,0,0,0,0,0,0,0,0
3,Dylan Harper,SAS,Cason Wallace,OKC,02:45,13.6,25.1,41.4,50.3,6,17,0,1,0,2,4,50,1,2,50,1,2,1
3,Dylan Harper,SAS,Jaylin Williams,OKC,00:06,0.8,1.1,1.4,3.1,0,0,0,0,0,0,1,0,0,0,0,0,0,0
3,Keldon Johnson,SAS,Alex Caruso,OKC,00:12,0.9,2.3,4.8,10,0,0,0,0,0,0,0,0,0,0,0,0,0,0
3,Keldon Johnson,SAS,Luguentz Dort,OKC,00:29,2.8,5.7,11.5,40,2,2,0,0,0,0,1,0,0,1,0,2,2,1
3,Keldon Johnson,SAS,Shai Gilgeous-Alexander,OKC,00:52,5.3,6.8,20.2,44.1,0,5,0,0,0,0,0,0,0,0,0,0,0,0
3,Keldon Johnson,SAS,Chet Holmgren,OKC,00:10,1.3,1.7,3.9,7.9,0,0,0,0,0,0,0,0,0,0,0,0,0,0
3,Keldon Johnson,SAS,Isaiah Joe,OKC,00:22,2,9.6,8.5,27.8,0,2,0,0,0,0,0,0,0,0,0,0,0,0
3,Keldon Johnson,SAS,Jared McCain,OKC,00:08,1,1.4,3.1,3.5,0,0,0,0,0,0,0,0,0,0,0,0,0,0
3,Keldon Johnson,SAS,Ajay Mitchell,OKC,00:37,2.8,9.9,14.5,39.6,0,0,0,1,0,0,1,0,0,0,0,0,0,0
3,Keldon Johnson,SAS,Jaylin Williams,OKC,01:16,7.1,15.7,29.7,44.4,3,9,0,0,0,1,3,33.3,1,3,33.3,0,0,0
3,Luke Kornet,SAS,Alex Caruso,OKC,00:15,1.6,2.8,5.5,8.3,0,2,0,0,0,0,0,0,0,0,0,0,0,0
3,Luke Kornet,SAS,Luguentz Dort,OKC,00:06,0.3,1.2,2.2,8.3,0,0,0,0,0,0,0,0,0,0,0,0,0,0
3,Luke Kornet,SAS,Shai Gilgeous-Alexander,OKC,00:20,1.7,2.6,7.2,10.1,0,2,0,0,0,0,0,0,0,0,0,0,0,0
3,Luke Kornet,SAS,Isaiah Hartenstein,OKC,01:11,5.3,14.7,25.6,53.4,0,3,0,0,0,0,0,0,0,0,0,0,0,0
3,Luke Kornet,SAS,Chet Holmgren,OKC,00:49,3.3,8.7,17.7,43.3,0,8,1,0,0,0,0,0,0,0,0,0,0,0
3,Luke Kornet,SAS,Isaiah Joe,OKC,00:03,0.2,1.4,1.2,3.6,0,3,0,0,0,0,0,0,0,0,0,0,0,0
3,Luke Kornet,SAS,Jared McCain,OKC,00:01,0.1,0.3,0.5,0.8,0,0,0,0,0,0,0,0,0,0,0,0,0,0
3,Luke Kornet,SAS,Cason Wallace,OKC,00:14,1.2,2.1,5,5.7,2,2,0,0,0,1,1,100,0,0,0,0,0,0
3,Luke Kornet,SAS,Jaylin Williams,OKC,02:00,10.4,24.8,43.3,78.4,2,7,0,1,0,1,2,50,0,0,0,0,0,0
3,Carter Bryant,SAS,Luguentz Dort,OKC,00:11,1.3,2.2,4.8,8.2,0,1,0,0,0,0,0,0,0,0,0,0,0,0
3,Carter Bryant,SAS,Shai Gilgeous-Alexander,OKC,01:03,4,8.2,26.7,35.4,0,5,1,0,0,0,1,0,0,1,0,0,0,0
3,Carter Bryant,SAS,Chet Holmgren,OKC,00:14,1.4,2.4,5.8,7.1,0,2,0,0,0,0,1,0,0,0,0,0,0,0
3,Carter Bryant,SAS,Isaiah Joe,OKC,00:08,0.4,3.6,3.4,21.2,0,0,0,0,0,0,0,0,0,0,0,0,0,0
3,Carter Bryant,SAS,Jared McCain,OKC,00:06,0.4,1,2.4,4.2,0,2,0,0,0,0,0,0,0,0,0,0,0,0
3,Carter Bryant,SAS,Ajay Mitchell,OKC,00:38,3.1,10.1,16.1,65.8,0,3,0,0,0,0,0,0,0,0,0,0,0,0
3,Carter Bryant,SAS,Cason Wallace,OKC,00:10,1.2,1.6,4.4,4.5,0,0,0,0,0,0,0,0,0,0,0,0,0,0
3,Carter Bryant,SAS,Jaylin Williams,OKC,01:20,7.9,16.6,34.2,50.2,3,9,0,1,0,1,1,100,1,1,100,0,0,0
3,Harrison Barnes,SAS,Alex Caruso,OKC,00:05,0.1,0.9,5.4,8.3,0,0,0,0,0,0,0,0,0,0,0,0,0,0
3,Harrison Barnes,SAS,Luguentz Dort,OKC,00:06,0.3,1.2,7,20.1,0,2,0,0,0,0,1,0,0,1,0,0,0,0
3,Harrison Barnes,SAS,Shai Gilgeous-Alexander,OKC,00:03,0.1,0.4,3.7,10.8,0,0,0,0,0,0,0,0,0,0,0,0,0,0
3,Harrison Barnes,SAS,Chet Holmgren,OKC,00:09,0.2,1.5,9.8,20.6,0,0,0,0,0,0,0,0,0,0,0,0,0,0
3,Harrison Barnes,SAS,Isaiah Joe,OKC,00:06,0.2,2.8,7,13.2,0,0,0,0,0,0,0,0,0,0,0,0,0,0
3,Harrison Barnes,SAS,Jared McCain,OKC,00:51,3.5,8.9,56.8,56.8,0,4,0,0,0,0,0,0,0,0,0,0,0,0
3,Harrison Barnes,SAS,Ajay Mitchell,OKC,00:05,0.1,1.3,5.5,8.5,0,0,0,0,0,0,0,0,0,0,0,0,0,0
3,Harrison Barnes,SAS,Cason Wallace,OKC,00:04,0.6,0.7,5,14.5,0,0,0,0,0,0,0,0,0,0,0,0,0,0
3,Jordan McLaughlin,SAS,Shai Gilgeous-Alexander,OKC,00:03,0.3,0.3,5.9,23.2,0,0,0,0,0,0,0,0,0,0,0,0,0,0
3,Jordan McLaughlin,SAS,Jared McCain,OKC,00:07,1.6,1.2,16.2,63.5,0,0,0,0,0,0,0,0,0,0,0,0,0,0
3,Jordan McLaughlin,SAS,Nikola Topić,OKC,00:09,0.5,29.7,22.1,29.7,0,0,0,0,0,0,0,0,0,0,0,0,0,0
3,Jordan McLaughlin,SAS,Aaron Wiggins,OKC,00:21,1.4,65.7,48.9,65.7,0,5,1,0,0,0,0,0,0,0,0,0,0,0
3,Jordan McLaughlin,SAS,Kenrich Williams,OKC,00:04,0.2,12.2,9,12.2,0,0,0,0,0,0,0,0,0,0,0,0,0,0
3,Kelly Olynyk,SAS,Isaiah Joe,OKC,00:02,0.2,0.9,4.9,6.6,3,3,0,0,0,1,1,100,1,1,100,0,0,0
3,Kelly Olynyk,SAS,Nikola Topić,OKC,00:10,0.5,30.9,23,30.9,0,2,0,0,0,0,0,0,0,0,0,0,0,0
3,Kelly Olynyk,SAS,Cason Wallace,OKC,00:11,2,1.6,25.5,100,0,0,0,2,0,0,0,0,0,0,0,0,0,0
3,Kelly Olynyk,SAS,Aaron Wiggins,OKC,00:11,0.6,34.3,25.5,34.3,0,0,0,0,0,0,0,0,0,0,0,0,0,0
3,Kelly Olynyk,SAS,Jaylin Williams,OKC,00:06,0.6,1.2,13.5,18.1,0,0,0,0,0,0,0,0,0,0,0,0,0,0
3,Bismack Biyombo,SAS,Alex Caruso,OKC,00:02,1,0.3,4.1,16.2,0,0,0,0,0,0,0,0,0,0,0,0,0,0
3,Bismack Biyombo,SAS,Isaiah Hartenstein,OKC,00:09,1,1.9,21.4,83.8,0,0,0,0,0,0,0,0,0,0,0,0,0,0
3,Bismack Biyombo,SAS,Isaiah Joe,OKC,00:03,0.3,1.4,7.6,10.3,0,3,0,0,0,0,0,0,0,0,0,0,0,0
3,Bismack Biyombo,SAS,Nikola Topić,OKC,00:02,0.2,6.6,4.9,6.6,0,0,0,0,0,0,0,0,0,0,0,0,0,0
3,Bismack Biyombo,SAS,Jaylin Williams,OKC,00:24,1.3,5,57,76.6,0,5,0,0,0,0,0,0,0,0,0,0,0,0
3,Bismack Biyombo,SAS,Kenrich Williams,OKC,00:04,0.3,14.1,10.5,14.1,0,0,0,0,0,0,0,0,0,0,0,0,0,0
3,Lindy Waters III,SAS,Shai Gilgeous-Alexander,OKC,00:08,1.7,1.1,19.6,76.8,0,0,0,0,0,0,0,0,0,0,0,0,0,0
3,Lindy Waters III,SAS,Isaiah Joe,OKC,00:25,1.4,11.1,58.5,78.6,0,2,0,0,0,0,0,0,0,0,0,0,0,0
3,Lindy Waters III,SAS,Jared McCain,OKC,00:04,0.4,0.7,9.3,36.5,0,0,0,0,0,0,0,0,0,0,0,0,0,0
3,Lindy Waters III,SAS,Nikola Topić,OKC,00:05,0.5,16.8,12.5,16.8,0,3,0,0,0,0,0,0,0,0,0,0,0,0
3,Lindy Waters III,SAS,Kenrich Williams,OKC,00:01,0.1,4.6,3.4,4.6,0,0,0,0,0,0,0,0,0,0,0,0,0,0
3,Mason Plumlee,SAS,Alex Caruso,OKC,00:09,1,1.7,21.4,83.8,0,0,0,0,0,0,0,0,0,0,0,0,0,0
3,Mason Plumlee,SAS,Isaiah Hartenstein,OKC,00:02,1,0.4,4.1,16.2,0,0,0,0,0,0,0,0,0,0,0,0,0,0
3,Mason Plumlee,SAS,Isaiah Joe,OKC,00:01,0.1,0.6,3.4,4.6,0,0,0,0,0,0,0,0,0,0,0,0,0,0
3,Mason Plumlee,SAS,Nikola Topić,OKC,00:05,0.2,15.9,11.9,15.9,0,0,0,0,0,0,0,0,0,0,0,0,0,0
3,Mason Plumlee,SAS,Jaylin Williams,OKC,00:02,0.2,0.3,4,5.3,0,0,0,0,0,0,0,0,0,0,0,0,0,0
3,Mason Plumlee,SAS,Kenrich Williams,OKC,00:22,1.4,69.2,51.6,69.2,2,5,1,0,0,1,1,100,0,0,0,0,0,0
3,Ajay Mitchell,OKC,Carter Bryant,SAS,00:13,0.9,5.1,2.9,39.3,2,2,0,0,0,1,1,100,0,0,0,0,0,0
3,Ajay Mitchell,OKC,Stephon Castle,SAS,02:03,9.1,13.7,28.6,35.1,0,9,0,0,1,0,2,0,0,0,0,0,0,0
3,Ajay Mitchell,OKC,Julian Champagnie,SAS,00:20,2.9,2.3,4.7,5.8,0,2,0,1,0,0,0,0,0,0,0,0,0,0
3,Ajay Mitchell,OKC,De'Aaron Fox,SAS,02:30,11,19.9,35,41.9,0,3,1,1,0,0,2,0,0,1,0,0,0,0
3,Ajay Mitchell,OKC,Keldon Johnson,SAS,00:09,1.6,2.9,2,8,0,2,0,0,0,0,0,0,0,0,0,0,0,0
3,Ajay Mitchell,OKC,Devin Vassell,SAS,01:27,9.5,9.4,20.3,22,0,13,0,1,0,0,0,0,0,0,0,0,0,0
3,Ajay Mitchell,OKC,Victor Wembanyama,SAS,00:16,1.3,1.6,3.7,4.2,0,0,0,1,0,0,0,0,0,0,0,0,0,0
3,Chet Holmgren,OKC,Harrison Barnes,SAS,00:16,1.2,21.7,2.3,34.9,0,2,0,0,0,0,0,0,0,0,0,0,0,0
3,Chet Holmgren,OKC,Carter Bryant,SAS,00:23,2.1,9.2,3.1,10.5,4,4,0,0,0,1,1,100,1,1,100,1,2,0
3,Chet Holmgren,OKC,Stephon Castle,SAS,01:08,6.7,7.6,9.3,11.9,2,7,0,0,0,1,1,100,0,0,0,0,0,0
3,Chet Holmgren,OKC,Julian Champagnie,SAS,01:21,6.1,9.1,11.1,13.4,2,7,1,0,1,1,2,50,0,1,0,0,0,0
3,Chet Holmgren,OKC,De'Aaron Fox,SAS,00:56,4.5,7.5,7.7,11.4,0,2,0,0,0,0,0,0,0,0,0,0,0,0
3,Chet Holmgren,OKC,Dylan Harper,SAS,00:21,2.7,5,2.9,10.5,0,2,0,0,0,0,0,0,0,0,0,0,0,0
3,Chet Holmgren,OKC,Keldon Johnson,SAS,00:20,1.5,6.9,2.8,18.2,2,2,0,0,0,0,0,0,0,0,0,2,2,0
3,Chet Holmgren,OKC,Luke Kornet,SAS,00:25,1.6,7.9,3.5,19.4,0,6,0,0,0,0,0,0,0,0,0,0,0,0
3,Chet Holmgren,OKC,Devin Vassell,SAS,03:24,14.9,22,28,37.1,4,18,0,0,0,2,3,66.7,0,0,0,0,0,0
3,Chet Holmgren,OKC,Victor Wembanyama,SAS,03:59,17.9,24.2,32.7,33.1,0,20,0,0,0,0,0,0,0,0,0,0,0,0
3,Isaiah Hartenstein,OKC,Harrison Barnes,SAS,00:03,0.3,4.3,0.6,7.8,0,0,0,0,0,0,0,0,0,0,0,0,0,0
3,Isaiah Hartenstein,OKC,Stephon Castle,SAS,00:24,2.4,2.7,4.6,6,0,2,0,0,0,0,0,0,0,0,0,0,0,0
3,Isaiah Hartenstein,OKC,Julian Champagnie,SAS,00:26,2.4,3,4.9,6,2,4,0,0,0,1,1,100,0,0,0,0,0,0
3,Isaiah Hartenstein,OKC,De'Aaron Fox,SAS,00:28,2.5,3.8,5.3,7.2,0,0,0,0,0,0,0,0,0,0,0,0,0,0
3,Isaiah Hartenstein,OKC,Dylan Harper,SAS,00:16,1.1,3.7,3,9.6,0,2,0,0,0,0,0,0,0,0,0,0,0,0
3,Isaiah Hartenstein,OKC,Luke Kornet,SAS,02:28,11.8,46.1,27.7,90.3,0,16,2,0,0,0,0,0,0,0,0,0,0,0
3,Isaiah Hartenstein,OKC,Jordan McLaughlin,SAS,00:02,0.5,3.2,0.3,53.2,0,0,0,0,0,0,0,0,0,0,0,0,0,0
3,Isaiah Hartenstein,OKC,Devin Vassell,SAS,00:38,2.4,4.1,7.2,8.1,0,3,1,0,0,0,0,0,0,0,0,0,0,0
3,Isaiah Hartenstein,OKC,Victor Wembanyama,SAS,04:56,24.5,30,55.3,67.8,4,21,2,2,1,2,4,50,0,1,0,0,0,0
3,Luguentz Dort,OKC,Harrison Barnes,SAS,00:05,0.3,6.4,0.8,14.3,0,0,0,0,0,0,0,0,0,0,0,0,0,0
3,Luguentz Dort,OKC,Carter Bryant,SAS,00:23,1.2,9.1,4,14.5,0,3,1,0,0,0,0,0,0,0,0,0,0,0
3,Luguentz Dort,OKC,Stephon Castle,SAS,01:31,7.8,10.2,15.9,16.8,0,7,1,1,0,0,0,0,0,0,0,0,0,0
3,Luguentz Dort,OKC,Julian Champagnie,SAS,03:26,15.2,23.3,35.8,40.4,0,7,1,0,0,0,0,0,0,0,0,0,0,0
3,Luguentz Dort,OKC,De'Aaron Fox,SAS,01:06,6.7,8.8,11.5,12.9,0,9,0,0,0,0,1,0,0,1,0,0,0,0
3,Luguentz Dort,OKC,Dylan Harper,SAS,00:06,1.1,1.3,1,8.7,0,5,0,0,0,0,0,0,0,0,0,0,0,0
3,Luguentz Dort,OKC,Keldon Johnson,SAS,00:46,3.9,15.8,8.1,48.5,0,7,0,0,0,0,0,0,0,0,0,0,0,0
3,Luguentz Dort,OKC,Devin Vassell,SAS,00:37,2.8,4,6.4,9.7,0,4,0,0,0,0,0,0,0,0,0,0,0,0
3,Luguentz Dort,OKC,Victor Wembanyama,SAS,01:18,7.2,7.9,13.6,14.6,0,6,1,0,0,0,0,0,0,0,0,0,0,0
3,Shai Gilgeous-Alexander,OKC,Harrison Barnes,SAS,00:02,0.1,2.1,0.2,4.7,0,0,0,0,0,0,0,0,0,0,0,0,0,0
3,Shai Gilgeous-Alexander,OKC,Carter Bryant,SAS,01:56,8.9,46.4,12.5,53.2,5,16,1,0,0,1,2,50,1,2,50,2,2,1
3,Shai Gilgeous-Alexander,OKC,Stephon Castle,SAS,04:47,22.5,32.1,30.9,37.1,9,33,3,0,1,2,5,40,0,0,0,5,5,2
3,Shai Gilgeous-Alexander,OKC,Julian Champagnie,SAS,02:28,11,16.8,16,20,2,14,3,1,0,1,2,50,0,1,0,0,0,0
3,Shai Gilgeous-Alexander,OKC,De'Aaron Fox,SAS,01:28,7.9,11.7,9.5,13.9,3,21,2,0,0,1,1,100,1,1,100,0,0,0
3,Shai Gilgeous-Alexander,OKC,Dylan Harper,SAS,00:41,3.3,9.5,4.4,14.1,0,3,1,0,0,0,0,0,0,0,0,0,0,0
3,Shai Gilgeous-Alexander,OKC,Keldon Johnson,SAS,00:33,2.9,11.3,3.6,19.3,2,5,0,0,0,0,0,0,0,0,0,2,2,0
3,Shai Gilgeous-Alexander,OKC,Luke Kornet,SAS,00:29,2.5,9.1,3.1,12.9,0,9,2,0,0,0,0,0,0,0,0,0,0,0
3,Shai Gilgeous-Alexander,OKC,Mason Plumlee,SAS,00:02,0.5,3.2,0.2,53.2,0,0,0,0,0,0,1,0,0,0,0,0,0,0
3,Shai Gilgeous-Alexander,OKC,Devin Vassell,SAS,03:23,16.4,21.9,21.9,28.1,4,11,2,1,0,1,5,20,0,0,0,2,2,1
3,Shai Gilgeous-Alexander,OKC,Victor Wembanyama,SAS,00:48,4.3,4.8,5.2,5.9,0,9,2,0,1,0,2,0,0,0,0,0,0,0
3,Alex Caruso,OKC,Harrison Barnes,SAS,00:07,0.3,8.8,1.1,15.9,0,0,0,0,0,0,0,0,0,0,0,0,0,0
3,Alex Caruso,OKC,Stephon Castle,SAS,01:16,5.8,8.6,12.4,15.7,3,8,0,0,0,1,1,100,1,1,100,0,0,0
3,Alex Caruso,OKC,Julian Champagnie,SAS,01:40,8.4,11.3,16.3,21.4,3,9,0,1,0,1,1,100,1,1,100,0,0,0
3,Alex Caruso,OKC,De'Aaron Fox,SAS,00:35,4.1,4.7,5.7,11.5,0,2,0,0,0,0,1,0,0,1,0,0,0,0
3,Alex Caruso,OKC,Dylan Harper,SAS,01:38,7.9,22.7,15.9,33.1,1,13,0,0,0,0,0,0,0,0,0,1,2,0
3,Alex Caruso,OKC,Keldon Johnson,SAS,00:45,3,15.4,7.3,27.1,2,7,0,0,0,0,0,0,0,0,0,2,2,1
3,Alex Caruso,OKC,Luke Kornet,SAS,00:31,3,9.5,5,13.9,0,2,0,0,0,0,1,0,0,1,0,0,0,0
3,Alex Caruso,OKC,Mason Plumlee,SAS,00:01,0.5,2.8,0.2,46.8,0,0,0,0,0,0,0,0,0,0,0,0,0,0
3,Alex Caruso,OKC,Devin Vassell,SAS,01:42,6.5,11,16.6,17.7,0,17,0,0,0,0,1,0,0,0,0,0,0,0
3,Alex Caruso,OKC,Lindy Waters III,SAS,00:03,1,6,0.5,100,0,0,0,0,0,0,0,0,0,0,0,0,0,0
3,Alex Caruso,OKC,Victor Wembanyama,SAS,01:25,7,8.6,13.8,17.8,6,11,0,0,0,2,2,100,1,1,100,1,2,1
3,Jared McCain,OKC,Harrison Barnes,SAS,00:34,2.3,44.9,4.9,44.9,0,0,0,0,0,0,0,0,0,0,0,0,0,0
3,Jared McCain,OKC,Bismack Biyombo,SAS,00:03,1,6,0.4,100,0,0,0,0,0,0,0,0,0,0,0,0,0,0
3,Jared McCain,OKC,Carter Bryant,SAS,00:20,2.5,8.2,3,16.2,5,5,0,0,0,2,2,100,1,1,100,0,0,0
3,Jared McCain,OKC,Stephon Castle,SAS,01:50,8.7,12.4,16,23.4,3,14,0,0,0,1,2,50,1,2,50,0,0,0
3,Jared McCain,OKC,Julian Champagnie,SAS,01:41,8.9,11.5,14.7,23.1,6,11,0,0,0,2,6,33.3,0,4,0,2,2,0
3,Jared McCain,OKC,De'Aaron Fox,SAS,01:58,9,15.7,17.1,40.1,2,13,0,1,0,1,2,50,0,0,0,0,0,0
3,Jared McCain,OKC,Dylan Harper,SAS,01:44,7.1,24.1,15.1,26,2,8,1,0,0,1,1,100,0,0,0,0,0,0
3,Jared McCain,OKC,Keldon Johnson,SAS,00:15,0.9,5,2.1,5.4,2,7,0,0,0,1,1,100,0,0,0,0,0,0
3,Jared McCain,OKC,Luke Kornet,SAS,00:18,0.9,5.7,2.7,7.6,2,2,0,0,0,1,1,100,0,0,0,0,0,0
3,Jared McCain,OKC,Jordan McLaughlin,SAS,00:01,0.5,2.8,0.2,46.8,0,0,0,0,0,0,0,0,0,0,0,0,0,0
3,Jared McCain,OKC,Devin Vassell,SAS,02:01,10,13.1,17.6,21.6,2,13,0,0,0,1,5,20,0,3,0,0,0,0
3,Jared McCain,OKC,Victor Wembanyama,SAS,00:32,2.2,3.2,4.6,5.8,6,6,0,0,0,3,4,75,0,0,0,0,0,0
3,Cason Wallace,OKC,Harrison Barnes,SAS,00:09,0.5,11.7,1.3,26.1,0,2,0,0,0,0,0,0,0,0,0,0,0,0
3,Cason Wallace,OKC,Carter Bryant,SAS,00:10,0.9,4,1.5,4.3,0,3,0,0,0,0,1,0,0,1,0,0,0,0
3,Cason Wallace,OKC,Stephon Castle,SAS,01:02,5.6,6.9,9.3,13.7,0,7,1,0,0,0,1,0,0,1,0,0,0,0
3,Cason Wallace,OKC,Julian Champagnie,SAS,01:17,6.3,8.7,11.6,17.3,3,11,0,0,0,1,1,100,1,1,100,0,0,0
3,Cason Wallace,OKC,De'Aaron Fox,SAS,02:42,12.9,21.6,24.4,41.2,2,16,1,0,0,1,1,100,0,0,0,0,0,0
3,Cason Wallace,OKC,Dylan Harper,SAS,01:53,8.7,26.2,17,33.7,0,8,1,0,0,0,1,0,0,1,0,0,0,0
3,Cason Wallace,OKC,Keldon Johnson,SAS,00:10,1,3.6,1.6,6.3,1,1,0,0,0,0,0,0,0,0,0,1,2,1
3,Cason Wallace,OKC,Luke Kornet,SAS,00:27,1.6,8.4,4,11.4,0,6,0,0,0,0,0,0,0,0,0,0,0,0
3,Cason Wallace,OKC,Kelly Olynyk,SAS,00:03,1,6,0.5,100,0,0,0,0,0,0,0,0,0,0,0,0,0,0
3,Cason Wallace,OKC,Devin Vassell,SAS,01:05,6.8,7.1,9.9,13.8,5,10,0,0,0,1,1,100,1,1,100,2,2,0
3,Cason Wallace,OKC,Victor Wembanyama,SAS,01:42,7.7,10.3,15.3,19,0,5,2,0,0,0,2,0,0,1,0,0,0,0
3,Jaylin Williams,OKC,Bismack Biyombo,SAS,00:44,2.5,84.9,8.1,90.3,0,5,0,0,0,0,0,0,0,0,0,0,0,0
3,Jaylin Williams,OKC,Carter Bryant,SAS,00:45,3.4,18,8.3,24.2,0,0,0,0,0,0,1,0,0,0,0,0,0,0
3,Jaylin Williams,OKC,Stephon Castle,SAS,00:48,2.8,5.4,9,14.8,3,5,1,0,0,1,1,100,1,1,100,0,0,0
3,Jaylin Williams,OKC,Julian Champagnie,SAS,01:21,7.7,9.2,15.1,24,3,13,0,0,0,1,1,100,1,1,100,0,0,0
3,Jaylin Williams,OKC,De'Aaron Fox,SAS,00:04,0.3,0.6,0.8,1.8,0,0,0,0,0,0,0,0,0,0,0,0,0,0
3,Jaylin Williams,OKC,Dylan Harper,SAS,00:13,1,3,2.4,5.6,0,2,0,0,0,0,0,0,0,0,0,0,0,0
3,Jaylin Williams,OKC,Keldon Johnson,SAS,01:43,9,35.2,19.2,56.2,6,12,0,0,0,2,2,100,2,2,100,0,0,0
3,Jaylin Williams,OKC,Luke Kornet,SAS,00:41,2.9,12.9,7.7,23,4,5,0,0,0,1,2,50,1,2,50,1,1,1
3,Jaylin Williams,OKC,Jordan McLaughlin,SAS,00:01,0.1,2.8,0.3,3,0,0,0,0,0,0,0,0,0,0,0,0,0,0
3,Jaylin Williams,OKC,Devin Vassell,SAS,00:25,1.7,2.7,4.6,7.3,0,0,0,0,0,0,0,0,0,0,0,0,0,0
3,Jaylin Williams,OKC,Lindy Waters III,SAS,00:02,0.2,3.1,0.3,3.3,0,0,0,0,0,0,0,0,0,0,0,0,0,0
3,Jaylin Williams,OKC,Victor Wembanyama,SAS,01:25,7,8.7,15.8,20.9,2,6,0,0,0,0,0,0,0,0,0,2,2,0
3,Isaiah Joe,OKC,Stephon Castle,SAS,00:04,0.3,0.5,2,4.7,0,0,0,0,0,0,0,0,0,0,0,0,0,0
3,Isaiah Joe,OKC,Julian Champagnie,SAS,00:43,3.9,4.9,19.3,45.3,3,7,0,0,0,1,1,100,1,1,100,0,0,0
3,Isaiah Joe,OKC,De'Aaron Fox,SAS,00:42,4.4,5.7,19,36.2,0,3,0,0,0,0,0,0,0,0,0,0,0,0
3,Isaiah Joe,OKC,Dylan Harper,SAS,00:19,0.9,4.5,8.7,23.3,0,0,0,0,0,0,0,0,0,0,0,0,0,0
3,Isaiah Joe,OKC,Keldon Johnson,SAS,00:11,1.6,3.8,5,13.9,0,1,0,0,0,0,0,0,0,0,0,0,0,0
3,Isaiah Joe,OKC,Luke Kornet,SAS,00:01,0.1,0.4,0.6,1.2,0,0,0,0,0,0,0,0,0,0,0,0,0,0
3,Isaiah Joe,OKC,Kelly Olynyk,SAS,00:16,1.4,31.7,7.3,33.7,0,2,0,0,0,0,0,0,0,0,0,0,0,0
3,Isaiah Joe,OKC,Devin Vassell,SAS,00:43,3.1,4.6,19.2,29.2,0,2,0,0,0,0,0,0,0,0,0,0,0,0
3,Isaiah Joe,OKC,Lindy Waters III,SAS,00:32,1.6,62.4,14.4,66.3,0,3,1,0,0,0,0,0,0,0,0,0,0,0
3,Isaiah Joe,OKC,Victor Wembanyama,SAS,00:06,0.5,0.6,2.5,7.1,0,0,0,0,0,0,0,0,0,0,0,0,0,0
3,Aaron Wiggins,OKC,Jordan McLaughlin,SAS,00:06,0.3,10.8,11.4,11.4,0,3,0,0,0,0,0,0,0,0,0,0,0,0
3,Aaron Wiggins,OKC,Kelly Olynyk,SAS,00:26,1.3,50.9,54.1,54.1,0,0,0,0,0,0,0,0,0,0,0,0,0,0
3,Aaron Wiggins,OKC,Lindy Waters III,SAS,00:15,1.2,28.6,30.4,30.4,0,2,0,0,0,0,0,0,0,0,0,0,0,0
3,Nikola Topić,OKC,Bismack Biyombo,SAS,00:01,0.1,2.8,3,3,0,0,0,0,0,0,0,0,0,0,0,0,0,0
3,Nikola Topić,OKC,Jordan McLaughlin,SAS,00:35,2.3,67.5,71.8,71.8,0,0,0,0,0,0,0,0,0,0,0,0,0,0
3,Nikola Topić,OKC,Kelly Olynyk,SAS,00:06,0.3,11.5,12.2,12.2,0,3,0,0,0,0,0,0,0,0,0,0,0,0
3,Nikola Topić,OKC,Mason Plumlee,SAS,00:08,0.5,16,17.1,17.1,0,2,0,0,1,0,1,0,0,0,0,0,0,0
3,Kenrich Williams,OKC,Bismack Biyombo,SAS,00:03,0.4,6.4,6.8,6.8,0,0,0,0,0,0,0,0,0,0,0,0,0,0
3,Kenrich Williams,OKC,Jordan McLaughlin,SAS,00:07,0.3,12.9,13.8,13.8,2,2,0,0,0,1,1,100,0,0,0,0,0,0
3,Kenrich Williams,OKC,Mason Plumlee,SAS,00:40,2.5,78,82.9,82.9,3,3,0,0,0,1,1,100,1,1,100,0,0,0
4,Devin Vassell,SAS,Alex Caruso,OKC,01:01,5.8,21.6,8.8,34.5,0,4,0,0,0,0,0,0,0,0,0,0,0,0
4,Devin Vassell,SAS,Luguentz Dort,OKC,00:40,3.2,9.6,5.6,11.4,3,9,0,0,0,1,1,100,1,1,100,0,0,0
4,Devin Vassell,SAS,Shai Gilgeous-Alexander,OKC,02:34,15.2,23,21.9,31.1,2,13,1,0,0,0,0,0,0,0,0,2,2,1
4,Devin Vassell,SAS,Isaiah Hartenstein,OKC,00:17,2,4.2,2.5,6.2,0,2,0,0,0,0,1,0,0,0,0,0,0,0
4,Devin Vassell,SAS,Chet Holmgren,OKC,00:34,5.4,6.3,4.9,7.6,0,4,0,0,0,0,2,0,0,0,0,0,0,0
4,Devin Vassell,SAS,Isaiah Joe,OKC,00:55,5.3,12.1,7.9,28.2,0,4,0,0,0,0,2,0,0,2,0,0,0,0
4,Devin Vassell,SAS,Jared McCain,OKC,01:46,8.2,20.4,15.1,34.7,2,12,1,0,0,1,1,100,0,0,0,0,0,0
4,Devin Vassell,SAS,Cason Wallace,OKC,00:36,3.3,7.9,5.1,11.2,0,2,0,0,0,0,0,0,0,0,0,0,0,0
4,Devin Vassell,SAS,Aaron Wiggins,OKC,01:13,7.8,15.5,10.5,25.5,0,2,0,1,0,0,0,0,0,0,0,0,0,0
4,Devin Vassell,SAS,Jaylin Williams,OKC,00:16,1.4,3.3,2.3,5.2,3,3,0,0,0,1,1,100,1,1,100,0,0,0
4,Devin Vassell,SAS,Kenrich Williams,OKC,01:10,7.6,13.3,10,20.2,0,8,0,0,0,0,0,0,0,0,0,0,0,0
4,Julian Champagnie,SAS,Alex Caruso,OKC,00:15,1.4,5.4,2.4,11.6,0,0,0,0,0,0,1,0,0,0,0,0,0,0
4,Julian Champagnie,SAS,Luguentz Dort,OKC,00:28,3.1,6.8,4.4,11.7,0,2,0,0,0,0,1,0,0,1,0,0,0,0
4,Julian Champagnie,SAS,Shai Gilgeous-Alexander,OKC,00:44,4,6.5,6.9,9.2,0,5,1,0,0,0,0,0,0,0,0,0,0,0
4,Julian Champagnie,SAS,Isaiah Hartenstein,OKC,00:21,1.6,5.2,3.3,7.1,0,2,0,0,0,0,0,0,0,0,0,0,0,0
4,Julian Champagnie,SAS,Chet Holmgren,OKC,02:03,12.1,23,19.5,33.8,2,17,1,0,0,1,2,50,0,1,0,0,0,0
4,Julian Champagnie,SAS,Isaiah Joe,OKC,00:33,3.7,7.3,5.3,13.5,0,5,0,0,0,0,0,0,0,0,0,0,0,0
4,Julian Champagnie,SAS,Jared McCain,OKC,01:59,9.5,22.8,18.8,41.1,0,5,0,0,0,0,1,0,0,1,0,0,0,0
4,Julian Champagnie,SAS,Cason Wallace,OKC,00:51,5.1,11.3,8.1,13.6,0,1,0,0,0,0,0,0,0,0,0,0,0,0
4,Julian Champagnie,SAS,Aaron Wiggins,OKC,01:27,6.7,18.5,13.8,31.8,0,7,1,0,0,0,2,0,0,2,0,0,0,0
4,Julian Champagnie,SAS,Jaylin Williams,OKC,00:18,1.3,3.7,2.8,7.8,0,0,0,0,0,0,1,0,0,1,0,0,0,0
4,Julian Champagnie,SAS,Kenrich Williams,OKC,00:55,5.2,10.3,8.6,22.3,0,2,0,0,0,0,0,0,0,0,0,0,0,0
4,Victor Wembanyama,SAS,Alex Caruso,OKC,00:16,1.9,5.6,2.4,7.9,0,8,1,0,0,0,1,0,0,1,0,0,0,0
4,Victor Wembanyama,SAS,Luguentz Dort,OKC,00:18,1.4,4.2,2.6,5.7,0,0,0,0,0,0,0,0,0,0,0,0,0,0
4,Victor Wembanyama,SAS,Shai Gilgeous-Alexander,OKC,00:33,5.8,5,4.9,5.8,8,10,0,0,0,3,4,75,2,2,100,0,0,0
4,Victor Wembanyama,SAS,Isaiah Hartenstein,OKC,04:22,20.2,64.6,38.4,71,9,19,1,1,0,4,7,57.1,1,2,50,0,0,0
4,Victor Wembanyama,SAS,Chet Holmgren,OKC,01:46,9.9,19.7,15.5,30.9,4,4,0,0,0,1,3,33.3,0,0,0,2,2,1
4,Victor Wembanyama,SAS,Isaiah Joe,OKC,00:17,1.3,3.7,2.5,9.6,0,0,0,0,0,0,1,0,0,0,0,0,0,0
4,Victor Wembanyama,SAS,Jared McCain,OKC,00:24,2.1,4.6,3.5,6.1,2,2,0,0,0,1,1,100,0,0,0,0,0,0
4,Victor Wembanyama,SAS,Cason Wallace,OKC,00:24,3.5,5.4,3.5,7.7,2,4,0,0,0,1,1,100,0,0,0,0,0,0
4,Victor Wembanyama,SAS,Aaron Wiggins,OKC,00:31,3.1,6.6,4.6,13.8,2,6,0,1,0,1,3,33.3,0,1,0,0,0,0
4,Victor Wembanyama,SAS,Jaylin Williams,OKC,02:37,12.4,32.5,23,65.8,2,11,1,1,0,1,2,50,0,1,0,0,0,0
4,Victor Wembanyama,SAS,Kenrich Williams,OKC,00:38,3.8,7.1,5.5,13.4,3,3,0,0,0,1,3,33.3,0,0,0,1,2,0
4,Stephon Castle,SAS,Alex Caruso,OKC,01:08,6.5,24,11.1,33.7,3,5,1,1,0,1,2,50,1,2,50,0,0,0
4,Stephon Castle,SAS,Luguentz Dort,OKC,01:15,5.7,18.2,12.2,23.2,0,5,0,0,0,0,0,0,0,0,0,0,0,0
4,Stephon Castle,SAS,Shai Gilgeous-Alexander,OKC,02:24,14.9,21.5,23.3,31.9,2,15,1,0,0,1,3,33.3,0,1,0,0,0,0
4,Stephon Castle,SAS,Isaiah Hartenstein,OKC,00:20,2.7,4.9,3.2,5.2,0,6,1,0,0,0,0,0,0,0,0,0,0,0
4,Stephon Castle,SAS,Chet Holmgren,OKC,00:14,1.5,2.6,2.3,4.4,2,2,0,0,0,1,1,100,0,0,0,0,0,0
4,Stephon Castle,SAS,Isaiah Joe,OKC,00:53,3.1,11.6,8.6,39,0,2,1,0,0,0,0,0,0,0,0,0,0,0
4,Stephon Castle,SAS,Jared McCain,OKC,00:53,5.8,10.1,8.5,20.4,0,14,0,0,0,0,1,0,0,0,0,0,0,0
4,Stephon Castle,SAS,Cason Wallace,OKC,01:51,9.4,24.7,18,34,2,4,0,1,0,1,2,50,0,0,0,0,0,0
4,Stephon Castle,SAS,Aaron Wiggins,OKC,00:41,4,8.7,6.7,14.8,2,2,0,0,0,1,2,50,0,0,0,0,0,0
4,Stephon Castle,SAS,Jaylin Williams,OKC,00:10,2.1,2,1.5,5.6,0,0,0,0,0,0,0,0,0,0,0,0,0,0
4,Stephon Castle,SAS,Kenrich Williams,OKC,00:18,2.7,3.5,3,7.9,0,2,1,0,0,0,0,0,0,0,0,0,0,0
4,De'Aaron Fox,SAS,Alex Caruso,OKC,00:58,4.5,20.4,8.5,36.6,0,2,0,0,0,0,0,0,0,0,0,0,0,0
4,De'Aaron Fox,SAS,Luguentz Dort,OKC,02:07,10.8,30.8,18.7,53,3,10,0,0,0,1,2,50,0,0,0,1,1,1
4,De'Aaron Fox,SAS,Shai Gilgeous-Alexander,OKC,00:38,2.6,5.7,5.6,7.3,0,5,0,0,0,0,0,0,0,0,0,0,0,0
4,De'Aaron Fox,SAS,Isaiah Hartenstein,OKC,00:13,1.3,3.2,1.9,5.2,0,5,1,0,0,0,0,0,0,0,0,0,0,0
4,De'Aaron Fox,SAS,Chet Holmgren,OKC,00:31,2.7,5.7,4.5,6.8,5,5,0,0,1,2,3,66.7,1,1,100,0,0,0
4,De'Aaron Fox,SAS,Isaiah Joe,OKC,01:17,7.2,17,11.3,31.1,2,5,1,0,0,1,3,33.3,0,0,0,0,0,0
4,De'Aaron Fox,SAS,Jared McCain,OKC,01:03,7.1,12.2,9.3,18.8,0,6,1,0,0,0,0,0,0,0,0,0,0,0
4,De'Aaron Fox,SAS,Cason Wallace,OKC,02:17,11.3,30.3,20.1,37.4,2,15,0,0,0,1,3,33.3,0,0,0,0,0,0
4,De'Aaron Fox,SAS,Aaron Wiggins,OKC,01:19,8.2,16.7,11.6,28.8,2,9,2,0,1,1,4,25,0,1,0,0,0,0
4,De'Aaron Fox,SAS,Jaylin Williams,OKC,00:17,3.5,3.6,2.5,5.9,0,7,3,0,0,0,0,0,0,0,0,0,0,0
4,De'Aaron Fox,SAS,Kenrich Williams,OKC,00:19,1.6,3.6,2.8,7.4,0,3,0,0,0,0,0,0,0,0,0,0,0,0
4,Dylan Harper,SAS,Alex Caruso,OKC,00:28,4.6,9.9,6.5,13.5,0,6,1,0,0,0,0,0,0,0,0,0,2,1
4,Dylan Harper,SAS,Luguentz Dort,OKC,00:43,3,10.4,10,25.6,2,4,0,0,0,1,1,100,0,0,0,0,0,0
4,Dylan Harper,SAS,Shai Gilgeous-Alexander,OKC,01:51,9.1,16.6,25.6,44.4,0,13,1,0,0,0,1,0,0,1,0,0,0,0
4,Dylan Harper,SAS,Chet Holmgren,OKC,00:24,2.4,4.5,5.6,9.7,2,4,0,0,0,1,1,100,0,0,0,0,0,0
4,Dylan Harper,SAS,Isaiah Joe,OKC,00:16,1.9,3.5,3.7,12.1,0,0,0,0,0,0,0,0,0,0,0,0,0,0
4,Dylan Harper,SAS,Jared McCain,OKC,00:52,5.7,10,12,17.6,0,2,0,0,0,0,0,0,0,0,0,0,0,0
4,Dylan Harper,SAS,Cason Wallace,OKC,01:09,7.4,15.3,15.9,33.1,2,8,0,1,0,0,1,0,0,0,0,2,2,0
4,Dylan Harper,SAS,Aaron Wiggins,OKC,00:25,2.3,5.3,5.8,16.9,0,5,0,0,0,0,0,0,0,0,0,0,0,0
4,Dylan Harper,SAS,Jaylin Williams,OKC,00:22,2.7,4.7,5.2,11.4,2,4,1,0,0,1,1,100,0,0,0,0,0,0
4,Dylan Harper,SAS,Kenrich Williams,OKC,01:02,5.8,11.7,14.3,27.8,2,4,0,1,0,1,2,50,0,0,0,0,0,0
4,Keldon Johnson,SAS,Alex Caruso,OKC,00:03,0.4,1.2,0.7,3.7,0,0,0,0,0,0,0,0,0,0,0,0,0,0
4,Keldon Johnson,SAS,Luguentz Dort,OKC,00:32,1.8,7.7,7,18.4,0,3,0,0,0,0,1,0,0,0,0,0,0,0
4,Keldon Johnson,SAS,Shai Gilgeous-Alexander,OKC,00:38,2.6,5.7,8.4,18.6,0,0,0,1,0,0,1,0,0,0,0,0,0,0
4,Keldon Johnson,SAS,Isaiah Hartenstein,OKC,00:20,1.5,5,4.5,18.4,0,0,0,0,0,0,0,0,0,0,0,0,0,0
4,Keldon Johnson,SAS,Chet Holmgren,OKC,00:37,3.1,6.9,8.2,27,0,0,0,0,0,0,1,0,0,0,0,0,0,0
4,Keldon Johnson,SAS,Isaiah Joe,OKC,01:10,7.5,15.3,15.5,24.6,2,10,0,0,0,1,3,33.3,0,2,0,0,0,0
4,Keldon Johnson,SAS,Jared McCain,OKC,00:33,2.1,6.4,7.4,12.8,0,0,0,0,0,0,1,0,0,1,0,0,0,0
4,Keldon Johnson,SAS,Nikola Topić,OKC,00:26,1.4,26.9,5.7,26.9,0,3,0,0,0,0,1,0,0,1,0,0,0,0
4,Keldon Johnson,SAS,Cason Wallace,OKC,00:07,0.8,1.6,1.6,10.4,0,0,0,0,0,0,1,0,0,0,0,0,0,0
4,Keldon Johnson,SAS,Aaron Wiggins,OKC,00:21,1,4.5,4.7,10.6,0,0,0,0,0,0,0,0,0,0,0,0,0,0
4,Keldon Johnson,SAS,Jaylin Williams,OKC,00:45,4.3,9.4,10.1,17.4,2,7,0,0,0,1,1,100,0,0,0,0,0,0
4,Keldon Johnson,SAS,Kenrich Williams,OKC,02:06,9.4,23.9,28.1,34.1,2,13,0,1,0,1,3,33.3,0,0,0,0,0,0
4,Luke Kornet,SAS,Alex Caruso,OKC,00:11,0.6,3.8,3.8,13.2,2,2,0,0,0,1,1,100,0,0,0,0,0,0
4,Luke Kornet,SAS,Luguentz Dort,OKC,00:18,3,4.3,6.2,16.4,2,4,0,0,0,1,1,100,0,0,0,0,0,0
4,Luke Kornet,SAS,Shai Gilgeous-Alexander,OKC,00:04,0.4,0.7,1.6,4.7,0,0,0,0,0,0,0,0,0,0,0,0,0,0
4,Luke Kornet,SAS,Isaiah Hartenstein,OKC,00:28,3.6,6.9,9.8,76.4,2,2,0,0,0,1,1,100,0,0,0,0,0,0
4,Luke Kornet,SAS,Chet Holmgren,OKC,02:13,11,24.8,46.7,68.1,0,3,0,0,0,0,1,0,0,0,0,0,0,0
4,Luke Kornet,SAS,Isaiah Joe,OKC,00:21,1.7,4.5,7.2,11.2,0,2,0,0,0,0,0,0,0,0,0,0,0,0
4,Luke Kornet,SAS,Jared McCain,OKC,00:11,1,2.1,3.8,8.1,0,2,0,0,0,0,0,0,0,0,0,0,0,0
4,Luke Kornet,SAS,Cason Wallace,OKC,00:04,0.2,0.9,1.5,3,0,0,0,0,0,0,0,0,0,0,0,0,0,0
4,Luke Kornet,SAS,Aaron Wiggins,OKC,00:09,0.8,1.9,3.2,6,0,0,0,0,0,0,0,0,0,0,0,0,0,0
4,Luke Kornet,SAS,Jaylin Williams,OKC,01:10,7.6,14.6,24.7,47.5,0,6,0,0,0,0,0,0,0,0,0,0,0,0
4,Luke Kornet,SAS,Kenrich Williams,OKC,00:14,1.6,2.6,4.8,8.9,2,2,0,0,0,1,1,100,0,0,0,0,0,0
4,Carter Bryant,SAS,Alex Caruso,OKC,00:02,0.3,0.6,1,6.8,0,0,0,0,0,0,0,0,0,0,0,0,0,0
4,Carter Bryant,SAS,Shai Gilgeous-Alexander,OKC,00:05,0.5,0.8,3.3,13.6,0,2,0,0,0,0,0,0,0,0,0,0,0,0
4,Carter Bryant,SAS,Chet Holmgren,OKC,00:06,0.7,1.1,3.8,9.8,0,0,0,0,0,0,0,0,0,0,0,0,0,0
4,Carter Bryant,SAS,Isaiah Joe,OKC,00:22,1.3,4.7,13.8,13.8,0,3,0,0,0,0,0,0,0,0,0,0,0,0
4,Carter Bryant,SAS,Jared McCain,OKC,00:06,0.6,1.2,3.9,10.1,0,0,0,0,0,0,1,0,0,1,0,0,0,0
4,Carter Bryant,SAS,Nikola Topić,OKC,00:33,2.4,34.4,21,34.4,0,2,0,0,0,0,0,0,0,0,0,0,0,0
4,Carter Bryant,SAS,Aaron Wiggins,OKC,00:14,1.7,3,9.2,15.1,0,0,0,0,0,0,0,0,0,0,0,0,0,0
4,Carter Bryant,SAS,Jaylin Williams,OKC,00:43,3.5,8.9,27.5,32.4,0,2,0,1,0,0,0,0,0,0,0,0,0,0
4,Carter Bryant,SAS,Kenrich Williams,OKC,00:12,1.9,2.2,7.4,12.2,0,3,1,0,0,0,0,0,0,0,0,0,0,0
4,Harrison Barnes,SAS,Alex Caruso,OKC,00:22,2.2,7.6,5.6,14.8,2,7,0,0,0,0,0,0,0,0,0,2,2,1
4,Harrison Barnes,SAS,Luguentz Dort,OKC,00:33,2,8,8.5,20.6,1,3,0,0,0,0,0,0,0,0,0,1,2,0
4,Harrison Barnes,SAS,Shai Gilgeous-Alexander,OKC,01:37,7,14.5,24.9,40.8,0,4,0,1,0,0,0,0,0,0,0,0,0,0
4,Harrison Barnes,SAS,Isaiah Hartenstein,OKC,00:24,2.8,5.9,6.1,10.9,0,2,0,0,0,0,0,0,0,0,0,0,0,0
4,Harrison Barnes,SAS,Chet Holmgren,OKC,00:29,2.7,5.3,7.3,26.8,0,0,0,0,0,0,1,0,0,0,0,0,0,0
4,Harrison Barnes,SAS,Isaiah Joe,OKC,00:29,2.7,6.4,7.4,12.4,0,2,0,0,0,0,0,0,0,0,0,0,0,0
4,Harrison Barnes,SAS,Jared McCain,OKC,00:53,4.4,10.2,13.6,19.4,0,1,0,0,0,0,1,0,0,1,0,0,0,0
4,Harrison Barnes,SAS,Cason Wallace,OKC,00:12,1.2,2.7,3.1,10,0,2,0,0,0,0,0,0,0,0,0,0,0,0
4,Harrison Barnes,SAS,Aaron Wiggins,OKC,00:20,1.8,4.3,5.2,14.3,0,2,0,0,0,0,0,0,0,0,0,0,0,0
4,Harrison Barnes,SAS,Jaylin Williams,OKC,00:40,3.3,8.3,10.2,26.7,0,4,0,0,0,0,1,0,0,0,0,0,0,0
4,Harrison Barnes,SAS,Kenrich Williams,OKC,00:38,2,7.1,9.7,24,0,0,0,0,0,0,1,0,0,1,0,0,0,0
4,Jordan McLaughlin,SAS,Isaiah Joe,OKC,00:22,1.6,4.8,22.8,22.8,0,0,0,0,0,0,0,0,0,0,0,0,0,0
4,Jordan McLaughlin,SAS,Nikola Topić,OKC,00:27,2,28.7,28.7,28.7,0,0,0,0,0,0,1,0,0,1,0,0,0,0
4,Jordan McLaughlin,SAS,Aaron Wiggins,OKC,00:23,1.2,4.8,23.9,23.9,0,0,0,0,0,0,0,0,0,0,0,0,0,0
4,Jordan McLaughlin,SAS,Jaylin Williams,OKC,00:09,2,1.9,9.6,9.6,3,3,0,0,0,1,1,100,1,1,100,0,0,0
4,Jordan McLaughlin,SAS,Kenrich Williams,OKC,00:19,1.7,3.6,20.2,20.2,0,2,0,0,0,0,1,0,0,1,0,0,0,0
4,Kelly Olynyk,SAS,Isaiah Joe,OKC,00:05,0.3,1,5,5,0,0,0,0,0,0,0,0,0,0,0,0,0,0
4,Kelly Olynyk,SAS,Nikola Topić,OKC,00:05,1.3,4.9,4.9,4.9,0,3,0,0,0,0,0,0,0,0,0,0,0,0
4,Kelly Olynyk,SAS,Aaron Wiggins,OKC,00:14,1.2,2.9,14.4,14.4,3,5,0,0,0,1,1,100,1,1,100,0,0,0
4,Kelly Olynyk,SAS,Jaylin Williams,OKC,00:22,1.9,4.6,23.4,23.4,0,0,0,0,0,0,1,0,0,0,0,0,0,0
4,Kelly Olynyk,SAS,Kenrich Williams,OKC,00:43,2.8,8.1,44.9,44.9,0,0,0,0,0,0,0,0,0,0,0,0,0,0
4,Lindy Waters III,SAS,Isaiah Joe,OKC,00:37,2,8,38.5,38.5,0,0,0,0,0,0,0,0,0,0,0,0,0,0
4,Lindy Waters III,SAS,Nikola Topić,OKC,00:05,1,5.1,5.1,5.1,0,0,0,0,0,0,0,0,0,0,0,0,0,0
4,Lindy Waters III,SAS,Aaron Wiggins,OKC,00:34,3.4,7.3,36.2,36.2,0,6,0,0,0,0,0,0,0,0,0,0,0,0
4,Lindy Waters III,SAS,Jaylin Williams,OKC,00:12,1,2.5,12.7,12.7,0,5,1,0,0,0,0,0,0,0,0,0,0,0
4,Lindy Waters III,SAS,Kenrich Williams,OKC,00:16,1.2,3,16.8,16.8,0,0,0,0,0,0,0,0,0,0,0,0,0,0
4,Cason Wallace,OKC,Harrison Barnes,SAS,00:44,3.8,11.4,8.4,38.7,0,2,0,0,0,0,0,0,0,0,0,0,0,0
4,Cason Wallace,OKC,Carter Bryant,SAS,00:01,0.1,1,0.3,4.5,0,0,0,0,0,0,0,0,0,0,0,0,0,0
4,Cason Wallace,OKC,Stephon Castle,SAS,00:31,3,3.7,5.8,7.7,0,2,0,0,0,0,0,0,0,0,0,0,0,0
4,Cason Wallace,OKC,Julian Champagnie,SAS,01:55,7.9,15.3,21.8,25.1,2,8,0,0,1,1,3,33.3,0,0,0,0,0,0
4,Cason Wallace,OKC,De'Aaron Fox,SAS,02:27,10.1,19,27.8,32.4,3,12,0,0,0,1,2,50,1,2,50,0,0,0
4,Cason Wallace,OKC,Dylan Harper,SAS,01:22,8.2,15.5,15.6,39.7,0,3,0,0,0,0,2,0,0,0,0,0,0,0
4,Cason Wallace,OKC,Keldon Johnson,SAS,00:20,1.6,4.8,3.8,38.7,0,2,0,0,0,0,0,0,0,0,0,0,0,0
4,Cason Wallace,OKC,Luke Kornet,SAS,00:25,2.2,7.2,4.6,17.2,0,2,1,0,0,0,1,0,0,0,0,0,0,0
4,Cason Wallace,OKC,Devin Vassell,SAS,00:26,2.2,3,4.9,6.5,0,2,0,0,0,0,0,0,0,0,0,0,0,0
4,Cason Wallace,OKC,Victor Wembanyama,SAS,00:34,2.8,4.1,6.4,8.7,0,2,0,0,0,0,1,0,0,1,0,0,0,0
4,Chet Holmgren,OKC,Harrison Barnes,SAS,00:04,1,1.1,0.6,3.2,0,0,0,0,0,0,0,0,0,0,0,0,0,0
4,Chet Holmgren,OKC,Stephon Castle,SAS,01:20,5.7,9.7,11.4,16,0,3,0,2,0,0,0,0,0,0,0,0,0,0
4,Chet Holmgren,OKC,Julian Champagnie,SAS,00:49,4.3,6.5,7,10.3,2,4,0,0,0,1,1,100,0,0,0,0,0,0
4,Chet Holmgren,OKC,De'Aaron Fox,SAS,00:50,4.4,6.5,7.2,9.1,2,6,0,0,0,1,1,100,0,0,0,0,0,0
4,Chet Holmgren,OKC,Dylan Harper,SAS,00:32,2.8,6,4.6,10.2,0,0,0,1,0,0,0,0,0,0,0,0,0,0
4,Chet Holmgren,OKC,Keldon Johnson,SAS,00:35,3.5,8.5,5,24,1,3,0,0,0,0,0,0,0,0,0,1,2,0
4,Chet Holmgren,OKC,Luke Kornet,SAS,01:33,7.5,27.5,13.3,41.9,0,7,0,0,0,0,0,0,0,0,0,0,0,0
4,Chet Holmgren,OKC,Devin Vassell,SAS,03:49,15.4,26.6,32.7,39,0,17,2,0,0,0,2,0,0,0,0,0,0,0
4,Chet Holmgren,OKC,Victor Wembanyama,SAS,02:05,8.5,15.4,17.9,26.2,5,7,0,1,1,2,4,50,0,0,0,1,2,1
4,Isaiah Hartenstein,OKC,Harrison Barnes,SAS,00:08,0.6,2.1,1.8,4.2,0,0,0,0,0,0,0,0,0,0,0,0,0,0
4,Isaiah Hartenstein,OKC,Stephon Castle,SAS,00:31,2,3.8,6.8,7.2,2,2,0,0,0,1,1,100,0,0,0,0,0,0
4,Isaiah Hartenstein,OKC,Julian Champagnie,SAS,00:18,2.6,2.4,4,5,2,2,0,0,0,1,1,100,0,0,0,0,0,0
4,Isaiah Hartenstein,OKC,De'Aaron Fox,SAS,00:24,1.5,3.1,5.2,7.8,0,2,0,0,0,0,0,0,0,0,0,0,0,0
4,Isaiah Hartenstein,OKC,Dylan Harper,SAS,00:10,1,1.8,2.1,8.2,0,0,0,0,0,0,0,0,0,0,0,0,0,0
4,Isaiah Hartenstein,OKC,Keldon Johnson,SAS,00:13,1.2,3.1,2.8,11.9,0,4,0,0,0,0,0,0,0,0,0,0,0,0
4,Isaiah Hartenstein,OKC,Luke Kornet,SAS,00:31,2.5,9.1,6.7,75.5,0,0,0,0,0,0,1,0,0,0,0,0,0,0
4,Isaiah Hartenstein,OKC,Devin Vassell,SAS,00:34,2,3.9,7.3,10.3,0,0,0,0,0,0,1,0,0,0,0,0,0,0
4,Isaiah Hartenstein,OKC,Victor Wembanyama,SAS,05:04,22.3,37.4,65.9,72.2,8,15,3,1,1,4,7,57.1,0,0,0,0,0,0
4,Luguentz Dort,OKC,Harrison Barnes,SAS,00:43,3.7,11.1,10.1,39.4,0,2,0,0,0,0,0,0,0,0,0,0,0,0
4,Luguentz Dort,OKC,Stephon Castle,SAS,00:52,2.8,6.4,12.2,14.5,2,2,0,0,0,1,1,100,0,0,0,0,0,0
4,Luguentz Dort,OKC,Julian Champagnie,SAS,02:49,11.6,22.3,39.1,63.9,0,11,0,1,0,0,1,0,0,1,0,0,0,0
4,Luguentz Dort,OKC,De'Aaron Fox,SAS,00:44,4.5,5.7,10.3,19,0,5,0,0,0,0,0,0,0,0,0,0,0,0
4,Luguentz Dort,OKC,Dylan Harper,SAS,00:25,2,4.7,5.8,12.8,0,2,0,0,0,0,0,0,0,0,0,0,0,0
4,Luguentz Dort,OKC,Keldon Johnson,SAS,01:00,3.7,14.3,13.8,35.6,0,2,0,0,0,0,0,0,0,0,0,0,0,0
4,Luguentz Dort,OKC,Luke Kornet,SAS,00:05,0.4,1.4,1.1,4,0,0,0,0,0,0,0,0,0,0,0,0,0,0
4,Luguentz Dort,OKC,Devin Vassell,SAS,00:32,2,3.8,7.5,8.3,0,2,0,0,0,0,0,0,0,0,0,0,0,0
4,Luguentz Dort,OKC,Victor Wembanyama,SAS,00:04,0.3,0.5,1,1.4,0,0,0,0,0,0,0,0,0,0,0,0,0,0
4,Shai Gilgeous-Alexander,OKC,Harrison Barnes,SAS,00:36,2.4,9.2,4.3,13.6,0,3,0,0,0,0,1,0,0,1,0,0,0,0
4,Shai Gilgeous-Alexander,OKC,Carter Bryant,SAS,00:10,1.1,6.9,1.3,20,2,2,0,0,0,0,0,0,0,0,0,2,2,1
4,Shai Gilgeous-Alexander,OKC,Stephon Castle,SAS,05:18,23.9,38.6,38.6,51,6,21,2,1,0,2,6,33.3,0,0,0,2,2,1
4,Shai Gilgeous-Alexander,OKC,Julian Champagnie,SAS,01:04,5,8.4,7.7,11.4,2,5,2,0,0,1,3,33.3,0,0,0,0,0,0
4,Shai Gilgeous-Alexander,OKC,De'Aaron Fox,SAS,02:15,10.2,17.3,16.3,21.7,2,10,0,1,0,0,0,0,0,0,0,2,2,1
4,Shai Gilgeous-Alexander,OKC,Dylan Harper,SAS,02:11,10.4,24.6,15.8,40.9,4,4,1,1,0,2,2,100,0,0,0,0,0,0
4,Shai Gilgeous-Alexander,OKC,Keldon Johnson,SAS,00:02,0.3,0.4,0.2,0.8,0,0,0,0,0,0,0,0,0,0,0,0,0,0
4,Shai Gilgeous-Alexander,OKC,Luke Kornet,SAS,00:12,1,3.6,1.5,10.2,2,2,0,0,0,1,1,100,0,0,0,0,0,0
4,Shai Gilgeous-Alexander,OKC,Devin Vassell,SAS,01:38,7.9,11.3,11.8,14.8,2,9,2,0,0,1,2,50,0,0,0,0,0,0
4,Shai Gilgeous-Alexander,OKC,Victor Wembanyama,SAS,01:14,5.1,9.1,8.9,10.5,4,6,3,1,0,2,4,50,0,0,0,0,0,0
4,Jaylin Williams,OKC,Harrison Barnes,SAS,01:05,5.1,16.6,11.5,37.1,0,7,0,0,0,0,1,0,0,1,0,0,0,0
4,Jaylin Williams,OKC,Carter Bryant,SAS,00:28,3.4,19,5,24.2,0,2,0,0,0,0,0,0,0,0,0,0,0,0
4,Jaylin Williams,OKC,Stephon Castle,SAS,01:09,4.2,8.4,12.3,20.7,3,3,0,1,0,1,1,100,1,1,100,0,0,0
4,Jaylin Williams,OKC,Julian Champagnie,SAS,01:05,5.8,8.6,11.5,24.6,0,2,0,0,0,0,0,0,0,0,0,0,0,0
4,Jaylin Williams,OKC,De'Aaron Fox,SAS,00:32,2.8,4.2,5.8,10.2,0,4,0,0,0,0,1,0,0,1,0,0,0,0
4,Jaylin Williams,OKC,Dylan Harper,SAS,00:38,3,7.1,6.7,14,0,1,0,0,0,0,0,0,0,0,0,0,0,0
4,Jaylin Williams,OKC,Keldon Johnson,SAS,00:58,5.4,13.9,10.3,24.4,0,5,0,0,0,0,1,0,0,1,0,0,0,0
4,Jaylin Williams,OKC,Luke Kornet,SAS,00:22,3.2,6.6,3.9,11.3,0,7,0,0,0,0,0,0,0,0,0,0,0,0
4,Jaylin Williams,OKC,Jordan McLaughlin,SAS,00:07,0.5,10.3,1.2,10.3,0,3,0,0,0,0,0,0,0,0,0,0,0,0
4,Jaylin Williams,OKC,Kelly Olynyk,SAS,00:27,3.7,50.1,4.8,50.1,0,2,0,0,0,0,0,0,0,0,0,0,0,0
4,Jaylin Williams,OKC,Devin Vassell,SAS,01:28,6.1,10.2,15.5,20.8,0,2,0,0,0,0,0,0,0,0,0,0,0,0
4,Jaylin Williams,OKC,Victor Wembanyama,SAS,00:50,4.3,6.2,8.9,15.9,0,0,0,0,0,0,3,0,0,3,0,0,0,0
4,Alex Caruso,OKC,Harrison Barnes,SAS,00:47,2.4,11.9,12.1,23,0,0,0,0,0,0,0,0,0,0,0,0,0,0
4,Alex Caruso,OKC,Carter Bryant,SAS,00:05,0.3,3,1.2,14.1,0,0,0,0,0,0,0,0,0,0,0,0,0,0
4,Alex Caruso,OKC,Stephon Castle,SAS,01:09,5,8.4,17.9,20.6,0,2,0,0,0,0,0,0,0,0,0,0,0,0
4,Alex Caruso,OKC,Julian Champagnie,SAS,01:05,5,8.6,16.8,39.7,0,2,0,0,0,0,1,0,0,0,0,0,0,0
4,Alex Caruso,OKC,De'Aaron Fox,SAS,00:13,3.2,1.7,3.4,8.1,0,0,0,0,0,0,0,0,0,0,0,0,0,0
4,Alex Caruso,OKC,Dylan Harper,SAS,00:32,2.7,5.9,8.2,11.4,0,2,0,0,0,0,0,0,0,0,0,0,0,0
4,Alex Caruso,OKC,Keldon Johnson,SAS,00:14,0.8,3.5,3.7,10.8,0,0,0,0,0,0,0,0,0,0,0,0,0,0
4,Alex Caruso,OKC,Luke Kornet,SAS,00:10,1.2,2.9,2.6,11.3,0,3,1,0,0,0,0,0,0,0,0,0,0,0
4,Alex Caruso,OKC,Devin Vassell,SAS,01:04,4.9,7.4,16.6,26.6,0,1,0,0,0,0,1,0,0,0,0,0,0,0
4,Alex Caruso,OKC,Victor Wembanyama,SAS,01:07,4.6,8.2,17.3,22.5,0,2,0,0,0,0,0,0,0,0,0,0,0,0
4,Jared McCain,OKC,Harrison Barnes,SAS,00:39,4.2,10,6.4,13.4,0,0,0,0,0,0,1,0,0,1,0,0,0,0
4,Jared McCain,OKC,Carter Bryant,SAS,00:20,1.9,13.5,3.3,24,2,4,0,1,0,0,0,0,0,0,0,2,2,0
4,Jared McCain,OKC,Stephon Castle,SAS,01:04,4,7.7,10.5,17.5,0,2,0,0,0,0,3,0,0,1,0,0,0,0
4,Jared McCain,OKC,Julian Champagnie,SAS,00:55,5.2,7.3,9,17,0,7,0,0,0,0,1,0,0,1,0,0,0,0
4,Jared McCain,OKC,De'Aaron Fox,SAS,02:08,8.3,16.5,20.9,35.1,0,7,0,0,0,0,0,0,0,0,0,0,0,0
4,Jared McCain,OKC,Dylan Harper,SAS,01:49,8,20.5,17.9,29,0,6,0,0,0,0,0,0,0,0,0,0,0,0
4,Jared McCain,OKC,Keldon Johnson,SAS,00:37,3.5,8.9,6.1,13.7,2,6,0,0,0,1,1,100,0,0,0,0,0,0
4,Jared McCain,OKC,Luke Kornet,SAS,00:14,1.1,4,2.2,9.8,0,2,0,0,0,0,2,0,0,1,0,0,0,0
4,Jared McCain,OKC,Devin Vassell,SAS,01:07,7.3,7.8,11,18.1,0,1,0,1,1,0,1,0,0,0,0,0,0,0
4,Jared McCain,OKC,Victor Wembanyama,SAS,00:43,3.1,5.3,7.1,9.2,2,2,0,0,0,1,4,25,0,2,0,0,0,0
4,Kenrich Williams,OKC,Harrison Barnes,SAS,00:10,1,2.6,1.9,8,0,2,0,0,0,0,0,0,0,0,0,0,0,0
4,Kenrich Williams,OKC,Carter Bryant,SAS,00:21,2.2,14,3.9,32,0,3,0,0,0,0,0,0,0,0,0,0,0,0
4,Kenrich Williams,OKC,Stephon Castle,SAS,00:21,2.3,2.5,3.9,7.4,0,0,0,0,0,0,1,0,0,1,0,0,0,0
4,Kenrich Williams,OKC,Julian Champagnie,SAS,00:34,3.5,4.5,6.3,10.4,3,9,0,0,0,1,1,100,1,1,100,0,0,0
4,Kenrich Williams,OKC,De'Aaron Fox,SAS,00:14,1.4,1.8,2.6,4.7,0,2,0,0,0,0,0,0,0,0,0,0,0,0
4,Kenrich Williams,OKC,Dylan Harper,SAS,00:31,2.4,5.9,5.8,12.5,0,2,0,0,0,0,0,0,0,0,0,0,0,0
4,Kenrich Williams,OKC,Keldon Johnson,SAS,01:48,9.2,26.1,20.1,34,0,2,0,0,0,0,1,0,0,1,0,0,0,0
4,Kenrich Williams,OKC,Luke Kornet,SAS,01:15,5.9,22.2,14,37.9,2,4,1,0,1,0,1,0,0,0,0,2,2,1
4,Kenrich Williams,OKC,Jordan McLaughlin,SAS,00:16,2.9,25.2,3.1,25.2,2,4,1,0,0,1,1,100,0,0,0,0,0,0
4,Kenrich Williams,OKC,Kelly Olynyk,SAS,00:09,1.6,16.7,1.7,16.7,2,2,0,1,0,1,1,100,0,0,0,0,0,0
4,Kenrich Williams,OKC,Devin Vassell,SAS,01:39,7.7,11.5,18.3,26.7,0,6,0,0,0,0,1,0,0,0,0,0,0,0
4,Kenrich Williams,OKC,Lindy Waters III,SAS,00:02,0.5,4.3,0.4,4.3,0,0,0,0,0,0,0,0,0,0,0,0,0,0
4,Kenrich Williams,OKC,Victor Wembanyama,SAS,01:25,7.7,10.5,15.9,29.8,3,10,0,0,0,1,1,100,1,1,100,0,0,0
4,Aaron Wiggins,OKC,Harrison Barnes,SAS,01:12,5.5,18.4,14.4,55.5,0,4,0,0,0,0,0,0,0,0,0,0,0,0
4,Aaron Wiggins,OKC,Carter Bryant,SAS,00:19,2.8,12.9,3.9,29.4,0,2,0,0,0,0,0,0,0,0,0,0,0,0
4,Aaron Wiggins,OKC,Stephon Castle,SAS,01:09,4.4,8.4,13.9,20,0,2,0,1,1,0,2,0,0,1,0,0,0,0
4,Aaron Wiggins,OKC,Julian Champagnie,SAS,01:31,6.9,12.1,18.3,27.3,0,6,0,0,0,0,1,0,0,1,0,0,0,0
4,Aaron Wiggins,OKC,De'Aaron Fox,SAS,01:22,7,10.5,16.4,25.9,0,5,0,0,1,0,2,0,0,1,0,0,0,0
4,Aaron Wiggins,OKC,Dylan Harper,SAS,00:15,1.6,2.8,3,8.7,0,2,0,0,0,0,0,0,0,0,0,0,0,0
4,Aaron Wiggins,OKC,Keldon Johnson,SAS,00:07,0.5,1.6,1.3,4,0,3,0,0,0,0,0,0,0,0,0,0,0,0
4,Aaron Wiggins,OKC,Luke Kornet,SAS,00:31,2.5,9.1,6.2,15.5,2,2,0,0,0,1,3,33.3,0,0,0,0,0,0
4,Aaron Wiggins,OKC,Jordan McLaughlin,SAS,00:16,2.2,24.9,3.3,24.9,0,0,0,0,0,0,0,0,0,0,0,0,0,0
4,Aaron Wiggins,OKC,Kelly Olynyk,SAS,00:06,0.8,10.4,1.1,10.4,0,0,0,1,0,0,0,0,0,0,0,0,0,0
4,Aaron Wiggins,OKC,Devin Vassell,SAS,01:00,4.9,6.9,12,17.3,0,5,0,0,0,0,2,0,0,1,0,0,0,0
4,Aaron Wiggins,OKC,Lindy Waters III,SAS,00:15,2.7,27.4,2.9,27.4,0,2,0,1,0,0,0,0,0,0,0,0,0,0
4,Aaron Wiggins,OKC,Victor Wembanyama,SAS,00:19,1.7,2.3,3.7,7.6,2,2,0,0,0,1,1,100,0,0,0,0,0,0
4,Isaiah Joe,OKC,Harrison Barnes,SAS,00:22,1.3,5.5,5.2,10.6,0,0,0,0,0,0,0,0,0,0,0,0,0,0
4,Isaiah Joe,OKC,Carter Bryant,SAS,00:38,4.3,25.6,9.2,25.6,3,3,0,0,0,1,1,100,0,0,0,1,1,1
4,Isaiah Joe,OKC,Stephon Castle,SAS,00:21,2.1,2.5,4.9,13.8,0,4,1,0,0,0,0,0,0,0,0,0,0,0
4,Isaiah Joe,OKC,Julian Champagnie,SAS,00:30,2.9,4,7.2,12.5,0,7,1,0,0,0,1,0,0,1,0,0,0,0
4,Isaiah Joe,OKC,De'Aaron Fox,SAS,01:35,8.7,12.3,22.8,38.7,0,9,0,0,0,0,2,0,0,2,0,0,0,0
4,Isaiah Joe,OKC,Dylan Harper,SAS,00:28,2.4,5.2,6.6,17.1,3,3,0,0,0,1,1,100,1,1,100,0,0,0
4,Isaiah Joe,OKC,Keldon Johnson,SAS,00:56,6.7,13.4,13.3,26.1,0,0,0,0,0,0,0,0,0,0,0,0,0,0
4,Isaiah Joe,OKC,Luke Kornet,SAS,00:22,2.2,6.4,5.2,10,2,2,0,0,0,1,2,50,0,1,0,0,0,0
4,Isaiah Joe,OKC,Jordan McLaughlin,SAS,00:20,2.6,31.1,4.9,31.1,2,2,0,0,0,1,1,100,0,0,0,0,0,0
4,Isaiah Joe,OKC,Kelly Olynyk,SAS,00:06,0.5,11.4,1.5,11.4,3,3,0,0,0,1,1,100,1,1,100,0,0,0
4,Isaiah Joe,OKC,Devin Vassell,SAS,01:04,5.5,7.5,15.4,34.4,0,4,0,0,0,0,0,0,0,0,0,0,0,0
4,Isaiah Joe,OKC,Lindy Waters III,SAS,00:06,1,12.1,1.6,12.1,0,0,0,0,0,0,0,0,0,0,0,0,0,0
4,Isaiah Joe,OKC,Victor Wembanyama,SAS,00:08,0.8,0.9,1.9,5.2,0,3,0,0,0,0,1,0,0,1,0,0,0,0
4,Nikola Topić,OKC,Carter Bryant,SAS,00:06,1,4.1,9.4,9.4,0,2,1,0,0,0,0,0,0,0,0,0,0,0
4,Nikola Topić,OKC,De'Aaron Fox,SAS,00:12,1,1.5,18,100,0,2,1,0,0,0,0,0,0,0,0,0,0,0
4,Nikola Topić,OKC,Keldon Johnson,SAS,00:06,1,1.6,9.9,9.9,0,0,0,0,0,0,1,0,0,0,0,0,0,0
4,Nikola Topić,OKC,Jordan McLaughlin,SAS,00:06,0.8,8.6,8.6,8.6,0,0,0,0,0,0,0,0,0,0,0,0,0,0
4,Nikola Topić,OKC,Kelly Olynyk,SAS,00:06,1.5,11.3,9.2,11.3,0,0,0,1,0,0,0,0,0,0,0,0,0,0
4,Nikola Topić,OKC,Lindy Waters III,SAS,00:30,3.8,56.2,46.1,56.2,0,3,0,0,0,0,0,0,0,0,0,0,0,0
5,Luguentz Dort,OKC,Bismack Biyombo,SAS,00:01,0.1,2.4,0.4,5.1,0,0,0,0,0,0,0,0,0,0,0,0,0,0
5,Luguentz Dort,OKC,Carter Bryant,SAS,00:13,1,8.7,3.2,46,0,2,0,0,0,0,0,0,0,0,0,0,0,0
5,Luguentz Dort,OKC,Stephon Castle,SAS,00:34,2.4,4.1,8.3,9.6,0,3,0,0,0,0,0,0,0,0,0,0,0,0
5,Luguentz Dort,OKC,Julian Champagnie,SAS,01:35,8.9,12.8,23.4,31.8,2,14,0,0,0,1,1,100,0,0,0,0,0,0
5,Luguentz Dort,OKC,De'Aaron Fox,SAS,01:08,6.6,8.8,16.6,21.4,0,9,0,0,0,0,3,0,0,2,0,0,0,0
5,Luguentz Dort,OKC,Dylan Harper,SAS,00:14,1.8,2.2,3.5,15.7,3,5,0,0,0,1,1,100,1,1,100,0,0,0
5,Luguentz Dort,OKC,Keldon Johnson,SAS,00:22,3.5,4.6,5.5,28,0,2,0,0,0,0,0,0,0,0,0,0,0,0
5,Luguentz Dort,OKC,Luke Kornet,SAS,00:04,0.4,1.7,0.9,8.8,0,0,0,0,0,0,0,0,0,0,0,0,0,0
5,Luguentz Dort,OKC,Kelly Olynyk,SAS,00:10,1.6,17.3,2.6,37.1,0,1,0,0,0,0,0,0,0,0,0,0,0,0
5,Luguentz Dort,OKC,Devin Vassell,SAS,01:10,5.8,8.3,17.3,18.6,2,4,0,0,0,1,3,33.3,0,2,0,0,0,0
5,Luguentz Dort,OKC,Victor Wembanyama,SAS,01:01,5.1,6.7,15.1,18.1,0,2,0,0,0,0,0,0,0,0,0,0,0,0
5,Chet Holmgren,OKC,Harrison Barnes,SAS,00:18,1.2,17.6,2.5,17.6,0,2,0,0,0,0,0,0,0,0,0,0,0,0
5,Chet Holmgren,OKC,Stephon Castle,SAS,02:02,10.9,14.9,16.3,20,2,10,0,0,0,1,2,50,0,0,0,0,0,0
5,Chet Holmgren,OKC,Julian Champagnie,SAS,02:00,10.1,16.2,16,20.4,4,15,0,0,0,1,1,100,0,0,0,2,2,1
5,Chet Holmgren,OKC,De'Aaron Fox,SAS,00:46,4.3,6,6.2,8.7,0,8,0,0,0,0,1,0,0,0,0,0,0,0
5,Chet Holmgren,OKC,Dylan Harper,SAS,01:01,4.2,9.4,8.1,18,2,8,1,0,0,1,2,50,0,0,0,0,0,0
5,Chet Holmgren,OKC,Keldon Johnson,SAS,01:11,6.2,14.7,9.4,29.6,2,2,0,0,0,0,1,0,0,1,0,2,2,1
5,Chet Holmgren,OKC,Luke Kornet,SAS,00:16,1,7.5,2.1,20.2,2,4,0,0,0,1,1,100,0,0,0,0,0,0
5,Chet Holmgren,OKC,Devin Vassell,SAS,03:35,17,25.3,28.7,37,4,13,0,2,0,2,2,100,0,0,0,0,0,0
5,Chet Holmgren,OKC,Victor Wembanyama,SAS,01:51,8.7,12.1,14.8,16.5,2,13,0,0,1,1,2,50,0,0,0,0,0,0
5,Isaiah Hartenstein,OKC,Harrison Barnes,SAS,00:05,0.7,4.4,0.6,14.4,0,0,0,0,0,0,0,0,0,0,0,0,0,0
5,Isaiah Hartenstein,OKC,Bismack Biyombo,SAS,00:04,1,5.9,0.5,30.7,0,1,0,0,0,0,0,0,0,0,0,0,0,0
5,Isaiah Hartenstein,OKC,Carter Bryant,SAS,00:13,1.2,8.4,1.7,12.5,0,2,0,0,0,0,0,0,0,0,0,0,0,0
5,Isaiah Hartenstein,OKC,Stephon Castle,SAS,00:32,2.8,3.9,4.3,6.8,0,4,0,0,0,0,0,0,0,0,0,0,0,0
5,Isaiah Hartenstein,OKC,Julian Champagnie,SAS,00:41,3.9,5.5,5.5,8.3,2,8,1,0,0,1,1,100,0,0,0,0,0,0
5,Isaiah Hartenstein,OKC,De'Aaron Fox,SAS,01:02,7,8.1,8.3,10.9,0,9,0,0,0,0,0,0,0,0,0,0,0,0
5,Isaiah Hartenstein,OKC,Dylan Harper,SAS,00:20,1.7,3.2,2.8,4.9,0,4,1,0,0,0,1,0,0,0,0,0,0,0
5,Isaiah Hartenstein,OKC,Keldon Johnson,SAS,00:37,3.1,7.7,5,14.2,2,5,0,1,0,1,1,100,0,0,0,0,0,0
5,Isaiah Hartenstein,OKC,Luke Kornet,SAS,02:18,10.2,65.7,18.6,78,2,16,1,0,0,1,1,100,0,0,0,0,0,0
5,Isaiah Hartenstein,OKC,Mason Plumlee,SAS,00:05,0.4,8.8,0.7,45.9,0,2,0,0,0,0,0,0,0,0,0,0,0,0
5,Isaiah Hartenstein,OKC,Devin Vassell,SAS,00:39,3.3,4.6,5.2,6.5,2,7,1,0,0,1,1,100,0,0,0,0,0,0
5,Isaiah Hartenstein,OKC,Victor Wembanyama,SAS,06:21,32.2,41.7,51.4,68.8,6,35,2,3,0,3,4,75,0,0,0,0,0,0
5,Jared McCain,OKC,Harrison Barnes,SAS,00:10,0.8,9.4,1.2,9.4,2,5,0,0,0,1,1,100,0,0,0,0,0,0
5,Jared McCain,OKC,Bismack Biyombo,SAS,00:04,0.4,7.3,0.5,7.3,2,2,0,0,0,0,1,0,0,0,0,2,2,1
5,Jared McCain,OKC,Carter Bryant,SAS,00:36,3,24.1,4.2,59.4,0,2,0,0,0,0,2,0,0,1,0,0,0,0
5,Jared McCain,OKC,Stephon Castle,SAS,01:22,5.9,9.9,9.6,11.4,0,10,0,0,0,0,2,0,0,2,0,0,0,0
5,Jared McCain,OKC,Julian Champagnie,SAS,01:29,7.8,12.1,10.5,16.7,0,6,0,0,0,0,3,0,0,1,0,0,0,0
5,Jared McCain,OKC,De'Aaron Fox,SAS,03:18,17.5,25.8,23.4,38.5,4,15,0,0,0,2,3,66.7,0,1,0,0,1,1
5,Jared McCain,OKC,Dylan Harper,SAS,02:56,12.6,27.1,20.8,51.6,0,9,0,0,0,0,1,0,0,1,0,0,0,0
5,Jared McCain,OKC,Keldon Johnson,SAS,00:29,2.2,6.1,3.5,9.5,3,3,0,0,0,1,2,50,1,1,100,0,0,0
5,Jared McCain,OKC,Jordan McLaughlin,SAS,00:25,2.6,40.6,2.9,40.6,0,0,0,0,0,0,0,0,0,0,0,0,0,0
5,Jared McCain,OKC,Devin Vassell,SAS,02:12,11.9,15.5,15.6,21.1,5,18,0,0,0,2,4,50,1,1,100,0,0,0
5,Jared McCain,OKC,Victor Wembanyama,SAS,00:39,3.9,4.2,4.6,4.9,3,7,0,2,0,1,2,50,1,1,100,0,0,0
5,Shai Gilgeous-Alexander,OKC,Carter Bryant,SAS,00:51,4.1,34.1,5.6,52.6,7,7,0,0,0,1,2,50,1,1,100,4,4,1
5,Shai Gilgeous-Alexander,OKC,Stephon Castle,SAS,06:28,34.1,47.3,42.4,61,11,42,3,3,0,3,6,50,0,1,0,5,6,0
5,Shai Gilgeous-Alexander,OKC,Julian Champagnie,SAS,01:45,8.5,14.3,11.5,18,3,7,0,0,0,1,3,33.3,1,1,100,0,0,0
5,Shai Gilgeous-Alexander,OKC,De'Aaron Fox,SAS,01:03,4.8,8.3,6.9,10.4,4,10,1,0,0,2,2,100,0,0,0,0,0,0
5,Shai Gilgeous-Alexander,OKC,Dylan Harper,SAS,02:11,7.6,20.3,14.4,23.8,0,16,2,1,0,0,4,0,0,1,0,0,0,0
5,Shai Gilgeous-Alexander,OKC,Keldon Johnson,SAS,00:32,1.9,6.6,3.5,7.5,0,0,0,1,0,0,2,0,0,0,0,0,0,0
5,Shai Gilgeous-Alexander,OKC,Luke Kornet,SAS,00:17,1.5,7.9,1.8,7.9,0,0,0,0,0,0,0,0,0,0,0,0,0,0
5,Shai Gilgeous-Alexander,OKC,Mason Plumlee,SAS,00:03,0.2,4.5,0.3,33.8,0,0,0,0,0,0,0,0,0,0,0,0,0,0
5,Shai Gilgeous-Alexander,OKC,Devin Vassell,SAS,01:48,10.2,12.6,11.8,14.7,2,10,1,1,0,0,1,0,0,0,0,2,2,1
5,Shai Gilgeous-Alexander,OKC,Victor Wembanyama,SAS,01:00,4.7,6.6,6.6,8.7,4,9,3,0,0,2,3,66.7,0,0,0,0,0,0
5,Jaylin Williams,OKC,Harrison Barnes,SAS,00:09,0.8,8.6,2.1,12.3,0,0,0,0,0,0,0,0,0,0,0,0,0,0
5,Jaylin Williams,OKC,Bismack Biyombo,SAS,00:17,1.3,27.4,4,67.3,0,0,0,0,0,0,0,0,0,0,0,0,0,0
5,Jaylin Williams,OKC,Stephon Castle,SAS,00:54,3.8,6.6,12.9,15.5,0,6,0,0,0,0,1,0,0,0,0,0,0,0
5,Jaylin Williams,OKC,Julian Champagnie,SAS,01:13,5.4,9.9,17.5,29.2,0,8,0,0,0,0,0,0,0,0,0,0,0,0
5,Jaylin Williams,OKC,De'Aaron Fox,SAS,00:41,2.8,5.3,9.7,20.4,0,7,0,0,0,0,0,0,0,0,0,0,0,0
5,Jaylin Williams,OKC,Dylan Harper,SAS,00:13,1,2,3.1,5.7,0,5,1,0,0,0,0,0,0,0,0,0,0,0
5,Jaylin Williams,OKC,Keldon Johnson,SAS,01:09,4.9,14.5,16.6,31.6,0,2,0,0,0,0,0,0,0,0,0,0,0,0
5,Jaylin Williams,OKC,Luke Kornet,SAS,00:07,0.5,3.1,1.6,20,0,0,0,0,0,0,0,0,0,0,0,0,0,0
5,Jaylin Williams,OKC,Kelly Olynyk,SAS,00:05,0.5,9.1,1.3,22.3,0,2,0,0,0,0,0,0,0,0,0,0,0,0
5,Jaylin Williams,OKC,Mason Plumlee,SAS,00:04,0.4,7.3,1.1,18,0,0,0,0,0,0,0,0,0,0,0,0,0,0
5,Jaylin Williams,OKC,Devin Vassell,SAS,00:26,1.8,3,6.1,10,0,2,0,0,0,0,0,0,0,0,0,0,0,0
5,Jaylin Williams,OKC,Victor Wembanyama,SAS,01:41,9,11,24,27.9,3,6,0,0,0,1,2,50,1,2,50,0,0,0
5,Cason Wallace,OKC,Harrison Barnes,SAS,00:58,5,55.8,7.8,55.8,0,9,1,0,0,0,0,0,0,0,0,0,0,0
5,Cason Wallace,OKC,Bismack Biyombo,SAS,00:08,0.6,13.3,1.1,69.3,0,0,0,0,0,0,0,0,0,0,0,0,0,0
5,Cason Wallace,OKC,Carter Bryant,SAS,00:06,1.1,3.8,0.8,5.7,0,1,0,0,0,0,0,0,0,0,0,0,0,0
5,Cason Wallace,OKC,Stephon Castle,SAS,00:40,3.8,4.9,5.3,9.1,0,0,0,0,0,0,0,0,0,0,0,0,0,0
5,Cason Wallace,OKC,Julian Champagnie,SAS,01:29,6.8,12,11.8,19.6,0,8,0,0,0,0,0,0,0,0,0,0,0,0
5,Cason Wallace,OKC,De'Aaron Fox,SAS,01:44,8.3,13.5,13.8,21.7,0,11,1,0,0,0,0,0,0,0,0,0,0,0
5,Cason Wallace,OKC,Dylan Harper,SAS,02:20,13,21.5,18.6,25.4,0,8,1,0,0,0,1,0,0,0,0,0,0,0
5,Cason Wallace,OKC,Keldon Johnson,SAS,01:48,7.4,22.6,14.4,28.5,2,13,0,0,0,1,1,100,0,0,0,0,0,0
5,Cason Wallace,OKC,Luke Kornet,SAS,00:03,0.6,1.7,0.5,1.8,2,2,0,0,0,0,0,0,0,0,0,2,2,1
5,Cason Wallace,OKC,Devin Vassell,SAS,01:31,7.6,10.7,12.2,19.7,0,10,1,0,0,0,0,0,0,0,0,0,0,0
5,Cason Wallace,OKC,Victor Wembanyama,SAS,01:02,6.3,6.8,8.3,11.5,3,14,0,0,0,1,3,33.3,1,3,33.3,0,0,0
5,Alex Caruso,OKC,Harrison Barnes,SAS,00:05,0.4,4.3,0.6,4.3,0,0,0,0,0,0,0,0,0,0,0,0,0,0
5,Alex Caruso,OKC,Carter Bryant,SAS,00:11,0.6,7.3,1.5,10.8,0,0,0,0,0,0,1,0,0,1,0,0,0,0
5,Alex Caruso,OKC,Stephon Castle,SAS,01:09,4.6,8.4,9.6,14.4,0,8,0,1,0,0,1,0,0,1,0,0,0,0
5,Alex Caruso,OKC,Julian Champagnie,SAS,01:16,6,10.2,10.5,18.7,2,10,1,0,0,0,0,0,0,0,0,2,2,1
5,Alex Caruso,OKC,De'Aaron Fox,SAS,02:50,12.5,22.2,23.5,40.8,2,15,1,0,0,1,1,100,0,0,0,0,0,0
5,Alex Caruso,OKC,Dylan Harper,SAS,01:29,8.8,13.8,12.3,17.1,0,8,0,0,0,0,1,0,0,0,0,0,0,0
5,Alex Caruso,OKC,Keldon Johnson,SAS,01:15,5.9,15.6,10.4,19.3,3,5,1,0,0,1,3,33.3,1,3,33.3,0,0,0
5,Alex Caruso,OKC,Luke Kornet,SAS,00:14,1.4,6.5,1.9,9.3,0,5,0,0,0,0,1,0,0,1,0,0,0,0
5,Alex Caruso,OKC,Kelly Olynyk,SAS,00:08,0.6,13.3,1.1,69.3,0,0,0,0,0,0,0,0,0,0,0,0,0,0
5,Alex Caruso,OKC,Mason Plumlee,SAS,00:04,1,5.9,0.5,30.7,0,1,0,0,0,0,0,0,0,0,0,0,0,0
5,Alex Caruso,OKC,Devin Vassell,SAS,01:39,8.3,11.6,13.7,22.6,3,9,1,0,0,1,1,100,1,1,100,0,0,0
5,Alex Caruso,OKC,Victor Wembanyama,SAS,01:35,6,10.4,13.2,16.9,6,8,1,0,0,2,2,100,2,2,100,0,0,0
5,Kenrich Williams,OKC,Bismack Biyombo,SAS,00:05,0.3,9,2,11.1,0,0,0,0,0,0,0,0,0,0,0,0,0,0
5,Kenrich Williams,OKC,Carter Bryant,SAS,00:20,1.4,13.6,7.4,14.8,3,3,0,0,0,1,1,100,1,1,100,0,0,0
5,Kenrich Williams,OKC,Julian Champagnie,SAS,00:51,4,6.9,18.6,54.4,3,8,0,0,0,1,1,100,1,1,100,0,0,0
5,Kenrich Williams,OKC,De'Aaron Fox,SAS,00:13,1.7,1.7,4.6,6.5,0,2,0,0,0,0,0,0,0,0,0,0,0,0
5,Kenrich Williams,OKC,Dylan Harper,SAS,00:03,0.2,0.5,1.2,1.7,0,0,0,0,0,0,0,0,0,0,0,0,0,0
5,Kenrich Williams,OKC,Keldon Johnson,SAS,00:37,3.3,7.6,13.3,36.5,0,5,0,0,0,0,0,0,0,0,0,0,0,0
5,Kenrich Williams,OKC,Luke Kornet,SAS,00:12,1.2,5.8,4.4,7.2,0,1,0,0,0,0,0,0,0,0,0,0,0,0
5,Kenrich Williams,OKC,Jordan McLaughlin,SAS,00:16,1.3,26.3,5.8,32.5,0,0,0,0,0,0,0,0,0,0,0,0,0,0
5,Kenrich Williams,OKC,Mason Plumlee,SAS,00:29,2.4,48.3,10.6,59.8,2,4,0,0,0,1,1,100,0,0,0,0,0,0
5,Kenrich Williams,OKC,Devin Vassell,SAS,01:12,6.3,8.4,26.1,39.1,0,11,0,0,0,0,0,0,0,0,0,0,0,0
5,Kenrich Williams,OKC,Victor Wembanyama,SAS,00:04,0.8,0.5,1.6,7.8,0,0,0,0,0,0,0,0,0,0,0,0,0,0
5,Isaiah Joe,OKC,Bismack Biyombo,SAS,00:11,1.2,17.9,20.8,22.2,0,0,0,0,0,0,0,0,0,0,0,0,0,0
5,Isaiah Joe,OKC,De'Aaron Fox,SAS,00:03,1,0.4,6,100,0,0,0,0,0,0,0,0,0,0,0,0,0,0
5,Isaiah Joe,OKC,Kelly Olynyk,SAS,00:30,2.2,50.2,58.3,62.1,0,0,0,0,0,0,0,0,0,0,0,0,0,0
5,Isaiah Joe,OKC,Mason Plumlee,SAS,00:07,0.6,11.9,13.8,14.7,0,0,0,0,0,0,0,0,0,0,0,0,0,0
5,Aaron Wiggins,OKC,Jordan McLaughlin,SAS,00:07,0.5,12.2,30.3,30.3,0,2,0,0,0,0,0,0,0,0,0,0,0,0
5,Aaron Wiggins,OKC,Mason Plumlee,SAS,00:08,0.6,13.3,33.1,33.1,0,0,0,0,0,0,0,0,0,0,0,0,0,0
5,Nikola Topić,OKC,Bismack Biyombo,SAS,00:10,0.7,16.9,41.9,41.9,0,2,0,0,0,0,0,0,0,0,0,0,0,0
5,Nikola Topić,OKC,Jordan McLaughlin,SAS,00:13,1.3,21,52.1,52.1,0,0,0,0,0,0,0,0,0,0,0,0,0,0
5,Nikola Topić,OKC,Kelly Olynyk,SAS,00:06,0.7,10.2,25.5,25.5,0,0,0,0,0,0,0,0,0,0,0,0,0,0
5,Devin Vassell,SAS,Alex Caruso,OKC,00:33,3.6,5.9,4.2,9.3,0,2,0,0,0,0,0,0,0,0,0,0,0,0
5,Devin Vassell,SAS,Luguentz Dort,OKC,01:16,6.5,17.4,9.5,18.7,0,5,0,1,0,0,1,0,0,1,0,0,0,0
5,Devin Vassell,SAS,Shai Gilgeous-Alexander,OKC,02:43,13.8,20.1,20.5,23.8,0,17,0,0,0,0,4,0,0,2,0,0,0,0
5,Devin Vassell,SAS,Isaiah Hartenstein,OKC,00:20,1.9,3.1,2.5,3.7,0,2,0,0,0,0,0,0,0,0,0,0,0,0
5,Devin Vassell,SAS,Chet Holmgren,OKC,00:42,6.3,6.8,5.3,8.4,0,7,1,0,0,0,0,0,0,0,0,0,0,0
5,Devin Vassell,SAS,Jared McCain,OKC,04:55,25.2,43.1,37,56.1,3,23,0,0,0,1,4,25,1,3,33.3,0,0,0
5,Devin Vassell,SAS,Cason Wallace,OKC,00:54,6,7.8,6.7,11.2,0,11,2,0,0,0,0,0,0,0,0,0,0,0
5,Devin Vassell,SAS,Jaylin Williams,OKC,00:01,0.1,0.4,0.2,0.6,0,0,0,0,0,0,0,0,0,0,0,0,0,0
5,Devin Vassell,SAS,Kenrich Williams,OKC,01:09,6.9,24,8.6,29.7,3,8,0,0,0,1,1,100,1,1,100,0,1,1
5,Julian Champagnie,SAS,Alex Caruso,OKC,00:19,3.4,3.4,3,6.3,0,2,0,0,0,0,0,0,0,0,0,0,0,0
5,Julian Champagnie,SAS,Luguentz Dort,OKC,00:17,1.6,3.9,2.7,5.9,0,0,0,0,0,0,2,0,0,2,0,0,0,0
5,Julian Champagnie,SAS,Shai Gilgeous-Alexander,OKC,02:07,11.6,15.6,20,24.3,0,10,0,0,0,0,1,0,0,0,0,0,0,0
5,Julian Champagnie,SAS,Isaiah Hartenstein,OKC,00:28,4.7,4.3,4.4,6.9,0,4,1,0,0,0,1,0,0,0,0,0,0,0
5,Julian Champagnie,SAS,Chet Holmgren,OKC,03:48,21.3,36.9,35.9,46.9,11,19,0,1,1,4,7,57.1,1,1,100,2,3,1
5,Julian Champagnie,SAS,Jared McCain,OKC,01:46,9.7,15.5,16.7,25.7,3,6,0,0,0,1,2,50,1,2,50,0,0,0
5,Julian Champagnie,SAS,Cason Wallace,OKC,00:37,3,5.4,5.8,9.2,0,0,0,0,0,0,1,0,0,1,0,0,0,0
5,Julian Champagnie,SAS,Jaylin Williams,OKC,00:14,1.9,3.8,2.2,6,3,5,0,0,0,1,1,100,1,1,100,0,0,0
5,Julian Champagnie,SAS,Kenrich Williams,OKC,00:42,3.4,14.6,6.6,35.5,0,4,0,0,0,0,0,0,0,0,0,0,0,0
5,Victor Wembanyama,SAS,Alex Caruso,OKC,00:33,3.1,5.9,4.1,7.5,0,5,0,0,0,0,1,0,0,1,0,0,0,0
5,Victor Wembanyama,SAS,Luguentz Dort,OKC,00:29,4.3,6.5,3.5,8.2,2,6,0,1,0,1,1,100,0,0,0,0,0,0
5,Victor Wembanyama,SAS,Shai Gilgeous-Alexander,OKC,00:54,5.5,6.6,6.7,8.6,5,18,0,0,0,2,3,66.7,0,0,0,1,1,1
5,Victor Wembanyama,SAS,Isaiah Hartenstein,OKC,06:46,38.1,62.3,50.3,79.1,6,25,0,0,0,1,9,11.1,0,3,0,4,4,2
5,Victor Wembanyama,SAS,Chet Holmgren,OKC,01:13,9.2,11.8,9,14.2,4,14,0,0,0,1,1,100,0,0,0,2,2,0
5,Victor Wembanyama,SAS,Jared McCain,OKC,00:35,4,5.2,4.4,5.5,0,2,0,0,0,0,1,0,0,1,0,0,0,0
5,Victor Wembanyama,SAS,Cason Wallace,OKC,00:42,4.1,6.1,5.2,8.1,0,3,0,0,0,0,1,0,0,0,0,0,0,0
5,Victor Wembanyama,SAS,Jaylin Williams,OKC,03:38,17.2,59.3,27,74.2,4,24,1,1,0,0,1,0,0,0,0,4,4,1
5,Victor Wembanyama,SAS,Kenrich Williams,OKC,00:02,0.1,0.7,0.3,1.6,0,0,0,0,0,0,0,0,0,0,0,0,0,0
5,Stephon Castle,SAS,Alex Caruso,OKC,02:02,10.4,21.6,17.1,32.2,2,12,0,0,0,1,2,50,0,1,0,0,0,0
5,Stephon Castle,SAS,Luguentz Dort,OKC,00:41,4.2,9.4,5.8,11.4,0,10,2,0,0,0,0,0,0,0,0,0,0,0
5,Stephon Castle,SAS,Shai Gilgeous-Alexander,OKC,03:20,22.9,24.6,28.1,35,6,18,1,2,0,2,3,66.7,1,1,100,1,1,0
5,Stephon Castle,SAS,Isaiah Hartenstein,OKC,00:32,3.7,4.8,4.4,7.1,5,10,1,0,0,2,2,100,1,1,100,0,0,0
5,Stephon Castle,SAS,Chet Holmgren,OKC,00:40,3.6,6.5,5.7,8.9,2,5,1,0,0,1,1,100,0,0,0,0,0,0
5,Stephon Castle,SAS,Jared McCain,OKC,00:45,5.7,6.5,6.3,7.6,5,7,2,0,0,2,3,66.7,1,2,50,0,0,0
5,Stephon Castle,SAS,Cason Wallace,OKC,02:26,14.7,21.2,20.5,37.1,2,4,1,1,0,0,0,0,0,0,0,2,2,1
5,Stephon Castle,SAS,Jaylin Williams,OKC,00:29,3.2,8,4.1,10.9,0,2,0,0,0,0,1,0,0,0,0,0,0,0
5,Stephon Castle,SAS,Kenrich Williams,OKC,00:31,1.8,11,4.4,29.4,0,4,0,0,0,0,0,0,0,0,0,0,0,0
5,De'Aaron Fox,SAS,Alex Caruso,OKC,03:26,18.9,36.3,28.2,56.5,0,14,1,0,0,0,2,0,0,0,0,0,0,0
5,De'Aaron Fox,SAS,Luguentz Dort,OKC,03:24,17.7,46.8,28,61.8,3,17,2,0,0,1,4,25,0,1,0,1,2,1
5,De'Aaron Fox,SAS,Shai Gilgeous-Alexander,OKC,00:30,3.5,3.7,4.1,5.1,0,3,1,1,1,0,3,0,0,1,0,0,0,0
5,De'Aaron Fox,SAS,Isaiah Hartenstein,OKC,00:19,3.6,3,2.7,4.1,0,6,0,0,0,0,1,0,0,0,0,0,0,0
5,De'Aaron Fox,SAS,Chet Holmgren,OKC,00:48,4.5,7.8,6.6,9.5,0,0,0,0,0,0,1,0,0,0,0,0,0,0
5,De'Aaron Fox,SAS,Jared McCain,OKC,01:16,9.9,11.1,10.5,16.4,0,12,2,0,0,0,3,0,0,1,0,0,0,0
5,De'Aaron Fox,SAS,Cason Wallace,OKC,01:49,10.6,15.8,14.9,23.7,6,18,1,0,0,3,3,100,0,0,0,0,0,0
5,De'Aaron Fox,SAS,Jaylin Williams,OKC,00:20,1.3,5.5,2.8,8,0,2,1,0,0,0,0,0,0,0,0,0,0,0
5,De'Aaron Fox,SAS,Kenrich Williams,OKC,00:01,0.1,0.5,0.2,0.7,0,0,0,0,0,0,0,0,0,0,0,0,0,0
5,Dylan Harper,SAS,Alex Caruso,OKC,01:05,8.2,11.5,12.7,18.2,0,8,0,1,0,0,1,0,0,0,0,0,0,0
5,Dylan Harper,SAS,Luguentz Dort,OKC,00:21,2,4.8,4.1,19.1,0,2,1,0,0,0,0,0,0,0,0,0,0,0
5,Dylan Harper,SAS,Shai Gilgeous-Alexander,OKC,00:55,4.4,6.7,10.7,12.4,2,6,0,0,0,0,0,0,0,0,0,2,2,1
5,Dylan Harper,SAS,Isaiah Hartenstein,OKC,00:14,0.8,2.1,2.7,3.9,0,0,0,0,1,0,1,0,0,0,0,0,0,0
5,Dylan Harper,SAS,Chet Holmgren,OKC,00:26,3.3,4.2,5.1,9.9,0,5,1,0,0,0,0,0,0,0,0,0,0,0
5,Dylan Harper,SAS,Isaiah Joe,OKC,00:01,0.1,3.9,0.2,100,0,0,0,0,0,0,0,0,0,0,0,0,0,0
5,Dylan Harper,SAS,Jared McCain,OKC,00:46,6,6.8,9.1,19.9,0,10,1,0,0,0,1,0,0,1,0,0,0,0
5,Dylan Harper,SAS,Cason Wallace,OKC,03:54,19.5,34.1,45.9,50.9,3,15,0,1,0,1,2,50,1,2,50,0,0,0
5,Dylan Harper,SAS,Jaylin Williams,OKC,00:01,0.1,0.4,0.3,0.9,0,3,0,0,0,0,0,0,0,0,0,0,0,0
5,Dylan Harper,SAS,Kenrich Williams,OKC,00:43,3,15,8.4,23.6,0,2,0,0,0,0,0,0,0,0,0,0,0,0
5,Keldon Johnson,SAS,Alex Caruso,OKC,00:51,5.7,9,11.3,16.4,4,9,1,0,0,2,4,50,0,2,0,0,0,0
5,Keldon Johnson,SAS,Luguentz Dort,OKC,00:14,1,3.2,3.1,11.3,0,0,0,0,0,0,0,0,0,0,0,0,0,0
5,Keldon Johnson,SAS,Shai Gilgeous-Alexander,OKC,02:16,9.5,16.7,29.9,34.5,2,11,0,1,0,1,4,25,0,1,0,0,0,0
5,Keldon Johnson,SAS,Isaiah Hartenstein,OKC,00:09,0.4,1.4,2.1,3.6,0,0,0,0,0,0,0,0,0,0,0,0,0,0
5,Keldon Johnson,SAS,Chet Holmgren,OKC,01:45,8.5,17,23.1,55.2,4,9,2,0,0,2,2,100,0,0,0,0,0,0
5,Keldon Johnson,SAS,Jared McCain,OKC,00:27,2.4,4,6.1,10,7,7,0,0,0,3,3,100,1,1,100,0,0,0
5,Keldon Johnson,SAS,Cason Wallace,OKC,00:27,3.1,3.9,6,7.4,2,2,0,0,0,1,2,50,0,0,0,0,0,0
5,Keldon Johnson,SAS,Jaylin Williams,OKC,00:19,2.7,5.1,4.2,9.8,2,5,0,0,0,1,1,100,0,0,0,0,0,0
5,Keldon Johnson,SAS,Kenrich Williams,OKC,01:00,4.7,20.9,13.2,39.7,0,1,0,1,0,0,0,0,0,0,0,0,0,0
5,Carter Bryant,SAS,Alex Caruso,OKC,00:01,0.2,0.3,1.5,2.2,0,0,0,0,0,0,0,0,0,0,0,0,0,0
5,Carter Bryant,SAS,Shai Gilgeous-Alexander,OKC,00:30,4,3.7,32.5,59.7,5,5,0,0,0,2,3,66.7,1,2,50,0,0,0
5,Carter Bryant,SAS,Jared McCain,OKC,00:07,1.3,1,7.2,15.8,0,0,0,0,0,0,0,0,0,0,0,0,0,0
5,Carter Bryant,SAS,Nikola Topić,OKC,00:07,1,56.6,7.4,56.6,0,2,0,0,0,0,0,0,0,0,0,0,0,0
5,Carter Bryant,SAS,Cason Wallace,OKC,00:17,1.1,2.5,18.3,25.4,0,2,0,0,0,0,0,0,0,0,0,0,0,0
5,Carter Bryant,SAS,Jaylin Williams,OKC,00:07,1.1,1.9,7.5,50.4,2,2,0,0,0,1,1,100,0,0,0,0,0,0
5,Carter Bryant,SAS,Kenrich Williams,OKC,00:17,2,6.1,18.8,22.9,0,2,0,0,0,0,1,0,0,1,0,0,0,0
5,Luke Kornet,SAS,Alex Caruso,OKC,00:07,0.7,1.2,3.7,6.3,0,0,0,0,0,0,0,0,0,0,0,0,0,0
5,Luke Kornet,SAS,Luguentz Dort,OKC,00:04,0.2,1,2.3,7.2,0,0,0,0,0,0,0,0,0,0,0,0,0,0
5,Luke Kornet,SAS,Shai Gilgeous-Alexander,OKC,00:18,1.5,2.2,9.9,9.9,0,0,0,0,0,0,0,0,0,0,0,0,0,0
5,Luke Kornet,SAS,Isaiah Hartenstein,OKC,01:45,10.8,16.1,57.5,85.8,0,15,0,0,0,0,0,0,0,0,0,0,0,0
5,Luke Kornet,SAS,Chet Holmgren,OKC,00:05,0.9,0.8,2.7,4.7,0,2,0,0,0,0,0,0,0,0,0,0,0,0
5,Luke Kornet,SAS,Cason Wallace,OKC,00:17,1.4,2.5,9.5,11.2,0,0,0,0,1,0,1,0,0,0,0,0,0,0
5,Luke Kornet,SAS,Jaylin Williams,OKC,00:51,3.4,13.8,27.8,84.1,0,3,0,0,0,0,0,0,0,0,0,0,0,0
5,Harrison Barnes,SAS,Alex Caruso,OKC,00:12,0.5,2.1,16.3,16.3,0,0,0,0,0,0,0,0,0,0,0,0,0,0
5,Harrison Barnes,SAS,Isaiah Hartenstein,OKC,00:03,1,0.4,3.7,16.9,0,2,0,0,0,0,0,0,0,0,0,0,0,0
5,Harrison Barnes,SAS,Chet Holmgren,OKC,00:51,5.3,8.2,70.3,70.3,0,5,0,0,0,0,0,0,0,0,0,0,0,0
5,Harrison Barnes,SAS,Jared McCain,OKC,00:11,1.5,1.6,15.4,15.4,0,3,0,0,0,0,0,0,0,0,0,0,0,0
5,Harrison Barnes,SAS,Cason Wallace,OKC,00:02,0.1,0.3,3.1,3.1,0,0,0,0,0,0,0,0,0,0,0,0,0,0
5,Mason Plumlee,SAS,Alex Caruso,OKC,00:04,0.2,0.7,9.2,23.8,0,0,0,0,0,0,0,0,0,0,0,0,0,0
5,Mason Plumlee,SAS,Luguentz Dort,OKC,00:09,1.2,2,20.2,28.3,0,2,0,0,0,0,0,0,0,0,0,0,0,0
5,Mason Plumlee,SAS,Isaiah Hartenstein,OKC,00:08,0.5,1.3,19.6,50.5,0,0,0,0,0,0,0,0,0,0,0,0,0,0
5,Mason Plumlee,SAS,Jared McCain,OKC,00:04,0.4,0.6,9.5,9.5,0,2,0,0,0,0,0,0,0,0,0,0,0,0
5,Mason Plumlee,SAS,Jaylin Williams,OKC,00:04,0.5,1,9,27.8,0,0,0,0,0,0,0,0,0,0,0,0,0,0
5,Mason Plumlee,SAS,Kenrich Williams,OKC,00:13,2,4.7,31.5,51.5,0,4,0,0,0,0,0,0,0,0,0,0,0,0
5,Bismack Biyombo,SAS,Alex Caruso,OKC,00:13,0.8,2.2,29.6,76.2,0,2,0,0,0,0,0,0,0,0,0,0,0,0
5,Bismack Biyombo,SAS,Isaiah Hartenstein,OKC,00:03,0.2,0.4,6.4,16.5,0,0,0,0,0,0,0,0,0,0,0,0,0,0
5,Bismack Biyombo,SAS,Isaiah Joe,OKC,00:08,1,29.9,19,31.1,0,0,0,1,0,0,0,0,0,0,0,0,0,0
5,Bismack Biyombo,SAS,Jared McCain,OKC,00:06,0.9,0.9,14.5,14.5,0,2,0,0,0,0,0,0,0,0,0,0,0,0
5,Bismack Biyombo,SAS,Nikola Topić,OKC,00:05,1,43.4,12.4,43.4,0,2,0,0,0,0,0,0,0,0,0,0,0,0
5,Bismack Biyombo,SAS,Aaron Wiggins,OKC,00:07,1,56.6,16.2,56.6,0,2,0,0,0,0,0,0,0,0,0,0,0,0
5,Bismack Biyombo,SAS,Jaylin Williams,OKC,00:01,0.3,0.4,3.4,10.4,0,0,0,0,0,0,0,0,0,0,0,0,0,0
5,Kelly Olynyk,SAS,Luguentz Dort,OKC,00:20,1.6,4.6,47.2,66.2,0,2,0,0,0,0,0,0,0,0,0,0,0,0
5,Kelly Olynyk,SAS,Isaiah Joe,OKC,00:10,1.7,38.1,24.2,39.6,0,2,0,0,0,0,0,0,0,0,0,0,0,0
5,Kelly Olynyk,SAS,Jared McCain,OKC,00:06,0.8,0.8,13,13,0,0,0,0,0,0,0,0,0,0,0,0,0,0
5,Kelly Olynyk,SAS,Cason Wallace,OKC,00:02,0.1,0.3,4.6,11.9,0,0,0,0,0,0,0,0,0,0,0,0,0,0
5,Kelly Olynyk,SAS,Aaron Wiggins,OKC,00:04,0.7,31.6,9,31.6,0,2,0,0,0,0,0,0,0,0,0,0,0,0
5,Kelly Olynyk,SAS,Jaylin Williams,OKC,00:02,0.2,0.4,3.7,11.3,0,0,0,0,0,0,0,0,0,0,0,0,0,0
5,Kelly Olynyk,SAS,Kenrich Williams,OKC,00:02,0.3,0.6,3.8,6.2,0,0,0,0,0,0,0,0,0,0,0,0,0,0
5,Jordan McLaughlin,SAS,Luguentz Dort,OKC,00:02,0.2,0.4,4,5.5,0,0,0,0,0,0,0,0,0,0,0,0,0,0
5,Jordan McLaughlin,SAS,Isaiah Hartenstein,OKC,00:05,0.3,0.8,12.8,33,2,2,0,0,0,1,1,100,0,0,0,0,0,0
5,Jordan McLaughlin,SAS,Isaiah Joe,OKC,00:08,1.3,28.1,17.9,29.3,2,4,0,0,0,0,0,0,0,0,0,2,2,1
5,Jordan McLaughlin,SAS,Jared McCain,OKC,00:20,1.7,2.9,47.1,47.1,0,0,0,0,0,0,0,0,0,0,0,0,0,0
5,Jordan McLaughlin,SAS,Aaron Wiggins,OKC,00:01,0.3,11.8,3.4,11.8,0,0,0,0,0,0,0,0,0,0,0,0,0,0
5,Jordan McLaughlin,SAS,Kenrich Williams,OKC,00:06,1,2,13.5,22,0,2,0,0,0,0,0,0,0,0,0,0,0,0
